{"Pcf":[{"region":6,"data":{"it2":{"p":{"iz2":{"a_0":-244.61772539281918,"comp":25.303945056426976,"mini":4.314407751870843e-17},"iz4":{"a_0":-248.49973008754446,"comp":26.128747115108823,"mini":1.5125946294781712e-19},"iz1":{"a_0":-220.15971814633323,"comp":28.910893728493132,"mini":0.004060479312920233},"iz3":{"a_0":-250.26527237221626,"comp":25.82638968805757,"mini":1.811803810600881e-18}},"y":{"iz2":{"a_0":-244.61772539281918,"comp":0.7905828427947528,"mini":1.4590528839687302e-14},"iz4":{"a_0":-248.49973008754446,"comp":-1.3926032166032483,"mini":9.345705070046143e-20},"iz1":{"a_0":-220.15971814633323,"comp":-9.919354882055684,"mini":0.022902718170425135},"iz3":{"a_0":-250.26527237221626,"comp":-0.36622850722904854,"mini":6.262904038610183e-18}}}}}],"StA":[{"region":7,"data":{"it2":{"p":{"iz2":{"a_0":-176.03245733244037,"comp":22.962912469764365,"mini":3.2410619769278406e-6},"iz4":{"a_0":-197.07190408285257,"comp":20.920708460167212,"mini":3.2274786832139664e-20},"iz1":{"a_0":-176.13700323922336,"comp":27.69359617297888,"mini":1.2860051699943942e-19},"iz3":{"a_0":-194.9778802676517,"comp":20.546355403642114,"mini":2.3769417720131336e-21}},"y":{"iz2":{"a_0":-176.03245733244037,"comp":-7.864460561496283,"mini":8.624393351912317e-18},"iz4":{"a_0":-197.07190408285257,"comp":-0.9708547088552831,"mini":1.0102902597998392e-19},"iz1":{"a_0":-176.13700323922336,"comp":-9.919354882055684,"mini":0.0036399142197740945},"iz3":{"a_0":-194.9778802676517,"comp":0.46893218171206846,"mini":2.912905621892333e-22}}}}}],"Mnt":[{"region":4,"data":{"it2":{"p":{"iz2":{"a_0":-176.0040201120342,"comp":20.819512414013953,"mini":3.0515524067148677e-22},"iz4":{"a_0":-182.90386980141693,"comp":19.533287190479932,"mini":2.6614279737591604e-20},"iz1":{"a_0":-176.05629509243164,"comp":23.026261884124803,"mini":2.7256639061062436e-18},"iz3":{"a_0":-175.98724819687217,"comp":19.29110864850776,"mini":2.8634500997948846e-6}},"y":{"iz2":{"a_0":-176.0040201120342,"comp":-4.616736933480415,"mini":3.3781002500444667e-20},"iz4":{"a_0":-182.90386980141693,"comp":-0.7960594877508413,"mini":9.407932720461642e-22},"iz1":{"a_0":-176.05629509243164,"comp":-7.387527227337221,"mini":3.643402684595005e-21},"iz3":{"a_0":-175.98724819687217,"comp":-3.970251441058571,"mini":1.0625088646331286e-23}}}}}],"ENC":[{"region":1,"data":{"it2":{"p":{"iz2":{"a_0":-137.63509943946787,"comp":15.681984322043235,"mini":1.4796543529826158e-6},"iz4":{"a_0":-153.0896496219082,"comp":16.527787287065028,"mini":4.552959980929193e-19},"iz1":{"a_0":-132.09046672616134,"comp":20.644092767825274,"mini":1.0043367101398294e-19},"iz3":{"a_0":-153.37039683168305,"comp":16.352410136432688,"mini":1.1431996930882123e-18}},"y":{"iz2":{"a_0":-137.63509943946787,"comp":1.8632156648879632,"mini":1.8273189477090283e-6},"iz4":{"a_0":-153.0896496219082,"comp":-1.3548408055974548,"mini":2.5839153339337153e-21},"iz1":{"a_0":-132.09046672616134,"comp":-9.752925345465696,"mini":2.3446878499997344e-20},"iz3":{"a_0":-153.37039683168305,"comp":-0.05846053071379315,"mini":5.2993610845058804e-20}}}}}],"WSC":[{"region":9,"data":{"it2":{"p":{"iz2":{"a_0":-132.0046059521392,"comp":15.428629747845203,"mini":4.161929381873937e-19},"iz4":{"a_0":-133.54270752743864,"comp":14.365225683275105,"mini":5.154269025568752e-21},"iz1":{"a_0":-132.06740555225338,"comp":17.28685473255642,"mini":5.905369929933233e-17},"iz3":{"a_0":-131.9896966886168,"comp":14.886788661442544,"mini":1.2850880279366453e-19}},"y":{"iz2":{"a_0":-132.0046059521392,"comp":-3.104096465833892,"mini":1.0315805722527666e-18},"iz4":{"a_0":-133.54270752743864,"comp":0.3895974734472946,"mini":1.1978892478152943e-21},"iz1":{"a_0":-132.06740555225338,"comp":-5.816106377366583,"mini":3.389033475868605e-17},"iz3":{"a_0":-131.9896966886168,"comp":-2.5290611751203906,"mini":1.2752728233197265e-18}}}}}],"MdA":[{"region":3,"data":{"it2":{"p":{"iz2":{"a_0":-176.0171625216638,"comp":21.7644678436305,"mini":1.956281687753328e-18},"iz4":{"a_0":-186.05182573159496,"comp":19.828757651203876,"mini":6.077349199071866e-22},"iz1":{"a_0":-176.10912984439005,"comp":26.250817105098836,"mini":4.801856157291351e-20},"iz3":{"a_0":-175.99262466000778,"comp":19.706240013410163,"mini":4.9730484285767435e-6}},"y":{"iz2":{"a_0":-176.0171625216638,"comp":-5.933174665052952,"mini":1.4080327052885437e-19},"iz4":{"a_0":-186.05182573159496,"comp":-0.3764760290885064,"mini":1.384178581735448e-19},"iz1":{"a_0":-176.10912984439005,"comp":-9.919354882055684,"mini":0.002598452986649459},"iz3":{"a_0":-175.99262466000778,"comp":-4.824622174125687,"mini":6.378418783964806e-23}}}}}],"WNC":[{"region":8,"data":{"it2":{"p":{"iz2":{"a_0":-132.01308579044866,"comp":16.568821203974093,"mini":3.5115550174461006e-20},"iz4":{"a_0":-140.52900137846785,"comp":15.33997982723121,"mini":7.955012523312364e-23},"iz1":{"a_0":-132.05914269070442,"comp":17.940972364085475,"mini":3.67573995481175e-22},"iz3":{"a_0":-133.36973062904323,"comp":14.731491260175094,"mini":3.939822614133454e-7}},"y":{"iz2":{"a_0":-132.01308579044866,"comp":-4.842745804017941,"mini":1.6620454341414522e-18},"iz4":{"a_0":-140.52900137846785,"comp":-0.5433114651633906,"mini":2.426998543483581e-20},"iz1":{"a_0":-132.05914269070442,"comp":-6.590634317769131,"mini":7.944919142642883e-18},"iz3":{"a_0":-133.36973062904323,"comp":2.831767857841975,"mini":7.260941080919523e-7}}}}}],"ESC":[{"region":2,"data":{"it2":{"p":{"iz2":{"a_0":-132.01521396849313,"comp":15.9483562854832,"mini":6.297136385135469e-18},"iz4":{"a_0":-136.86720629235288,"comp":14.930583010451784,"mini":1.8447138664068648e-22},"iz1":{"a_0":-132.0645146362423,"comp":16.980009088314883,"mini":9.431017977546466e-23},"iz3":{"a_0":-131.9963486107617,"comp":15.5649579538636,"mini":1.9976194976629085e-19}},"y":{"iz2":{"a_0":-132.01521396849313,"comp":-4.271640777037812,"mini":1.041454955933685e-22},"iz4":{"a_0":-136.86720629235288,"comp":0.8110848268964312,"mini":5.615372758675306e-19},"iz1":{"a_0":-132.0645146362423,"comp":-6.011223161698211,"mini":4.905597932806089e-21},"iz3":{"a_0":-131.9963486107617,"comp":-3.6151243920265754,"mini":5.342898022231515e-19}}}}}],"NwE":[{"region":5,"data":{"it2":{"p":{"iz2":{"a_0":-219.98726106308365,"comp":23.877449960104798,"mini":2.362259105388238e-19},"iz4":{"a_0":-223.64590974608998,"comp":23.408307039022425,"mini":3.457135585476771e-23},"iz1":{"a_0":-220.01513303569953,"comp":24.682484392578363,"mini":1.8111645978999568e-19},"iz3":{"a_0":-219.97692775165697,"comp":23.400270027090436,"mini":1.298455241188679e-7}},"y":{"iz2":{"a_0":-219.98726106308365,"comp":-3.2397402015280665,"mini":2.04941401008469e-19},"iz4":{"a_0":-223.64590974608998,"comp":-1.128640774172404,"mini":2.7302044959525023e-19},"iz1":{"a_0":-220.01513303569953,"comp":-4.139100676602938,"mini":4.0604100109866986e-18},"iz3":{"a_0":-219.97692775165697,"comp":-2.9507528347343395,"mini":7.489963081223304e-20}}}}}]}