{"m_y":{"reg_2":0.030441971715765584,"reg_9":-0.11980622529980228,"reg_4":-0.2028738699543398,"reg_3":-0.39891062790988085,"reg_5":-0.34270680309506035,"reg_7":-0.5062539103741928,"reg_6":-0.6129138289026864,"reg_1":-0.4272106431690581,"reg_8":-0.34576814306886094},"m_h":{"reg_2":0.04224894377640254,"reg_9":-0.2014949626259331,"reg_4":-0.2112447188820127,"reg_3":-0.05524861878452787,"reg_5":0.0942476438089039,"reg_7":-0.217744556386085,"reg_6":1.2219694507637433,"reg_1":-0.43223919402014344,"reg_8":-0.2924926876828105},"m_p":{"reg_2":0.17254191395077775,"reg_9":0.46490168065132187,"reg_4":0.12108542336696389,"reg_3":-0.19961604871353597,"reg_5":-0.24116457604597014,"reg_7":0.013607400588349023,"reg_6":-1.1589833566332781,"reg_1":0.3937301569805192,"reg_8":0.36710477583566503},"m_v":{"reg_2":-0.060183861218720124,"reg_9":-0.3575447278518214,"reg_4":-0.2649947612567055,"reg_3":-0.4064330773628085,"reg_5":-0.21367753349771762,"reg_7":-1.0435345414301926,"reg_6":-0.769515743506967,"reg_1":-0.9387131935306239,"reg_8":-0.41837525316335167},"m_a":{"reg_2":-3.094783053107303,"reg_9":-3.542684141919671,"reg_4":4.432809169864331,"reg_3":7.329845387892535,"reg_5":0.7661623359629628,"reg_7":12.53809879465255,"reg_6":-27.879837190557716,"reg_1":6.813751159511479,"reg_8":-1.099100352932526},"scenario":"ps=1.0, qs=0.95","s_q":{"reg_2":0.020729567830394095,"reg_9":0.035586798094557164,"reg_4":0.0484171913296712,"reg_3":-0.07043470887777317,"reg_5":-0.0485959163510294,"reg_7":0.034455524334956696,"reg_6":-0.05084176840661733,"reg_1":0.05157019766612619,"reg_8":0.02374651579719114},"s_y":{"reg_2":-0.010681794780887146,"reg_9":-0.06458682826765703,"reg_4":-0.09521803286188545,"reg_3":-0.16965112284920103,"reg_5":-0.11301065000733118,"reg_7":-0.2804466706160851,"reg_6":-0.409832445243527,"reg_1":-0.36553458074574113,"reg_8":-0.11705565010276028},"m_w":{"reg_2":0.20063990258579442,"reg_9":0.2963924343286188,"reg_4":-0.0018293342840374955,"reg_3":-0.09421878002810931,"reg_5":-0.20377667007249683,"reg_7":0.016957204855602957,"reg_6":-0.29855054856938373,"reg_1":0.1511788945249809,"reg_8":0.08712589332630705},"d_value":{"reg_2":-6.56934501444818,"reg_9":-5.280283751581112,"reg_4":-5.2527772989769295,"reg_3":-4.929527376660494,"reg_5":-5.375103753352299,"reg_7":-4.5145968553142835,"reg_6":-5.496434460672073,"reg_1":-4.005446325154223,"reg_8":-4.150051448931418},"s_p":{"reg_2":0.03311468385169932,"reg_9":0.11587097513787417,"reg_4":-0.01135603375868937,"reg_3":-0.03328657418812678,"reg_5":-0.05596183002398085,"reg_7":0.018390532710609194,"reg_6":-0.4899235225516063,"reg_1":0.21846438458798145,"reg_8":0.12765377997942226},"d_cons":{"reg_2":-5.512147394404699,"reg_9":-5.406373821887758,"reg_4":-5.2350182348859775,"reg_3":-5.50957249126712,"reg_5":-5.121416083334516,"reg_7":-5.645175847966693,"reg_6":-5.304014215030399,"reg_1":-5.552635754186959,"reg_8":-5.445433804378983},"s_a":{"reg_2":0.11003804896843594,"reg_9":-0.3002642570757373,"reg_4":0.0914819357878269,"reg_3":1.6676384612373463,"reg_5":0.7468405103821021,"reg_7":2.8852792041801463,"reg_6":-1.3126363195251725,"reg_1":0.3891982050142176,"reg_8":-0.43559422339264087},"s_v":{"reg_2":-0.03497808606574723,"reg_9":-0.1429531280669257,"reg_4":-0.11825061398780506,"reg_3":-0.18008604461636163,"reg_5":-0.06587479781258163,"reg_7":-0.49885865706444626,"reg_6":-0.4508277766805983,"reg_1":-0.5276587841669463,"reg_8":-0.13736682508959006},"m_u":{"reg_2":-0.3400543026327975,"reg_9":-0.9115706069194981,"reg_4":0.6463042620787518,"reg_3":-0.7921435622917034,"reg_5":-0.5759506038936235,"reg_7":-0.35146698269918475,"reg_6":-0.35876232426198085,"reg_1":-1.5113804241377995,"reg_8":-0.6134860122720982},"s_u":{"reg_2":-0.09914878637055204,"reg_9":-0.18510095390089062,"reg_4":-0.2627225674233752,"reg_3":-0.26383411000865453,"reg_5":-0.046090380533174206,"reg_7":-0.9769512893227111,"reg_6":-1.0114457387531663,"reg_1":-0.4171663942555848,"reg_8":-0.14941236615839357},"s_h":{"reg_2":-0.014870703149468173,"reg_9":-0.043046772274748055,"reg_4":-0.021132051843977408,"reg_3":-0.08609354454949611,"reg_5":-0.02191472043078231,"reg_7":-0.18157911214075606,"reg_6":0.27941268549245407,"reg_1":-0.17610043203306341,"reg_8":-0.09157222465720044},"s_w":{"reg_2":0.034203640576035595,"reg_9":0.07039754366209883,"reg_4":-0.03948395111088009,"reg_3":-0.07771153500197897,"reg_5":-0.07096328191530758,"reg_7":-0.020776291561278457,"reg_6":-0.26808226565966226,"reg_1":0.1090256454392011,"reg_8":0.04180620484213181},"m_q":{"reg_2":0.020729567830394095,"reg_9":0.035586798094557164,"reg_4":0.0484171913296712,"reg_3":-0.07043470887777317,"reg_5":-0.0485959163510294,"reg_7":0.034455524334956696,"reg_6":-0.05084176840661733,"reg_1":0.05157019766612619,"reg_8":0.02374651579719114}}