{"m_y":{"reg_2":0.03353732914246775,"reg_9":0.03432841360565976,"reg_4":0.007345213953033164,"reg_3":-0.03032782388307826,"reg_5":-0.04471106868681657,"reg_7":0.008841576932647605,"reg_6":-0.02794934525667245,"reg_1":0.03117588705267217,"reg_8":-0.013785506209143577},"m_h":{"reg_2":0.09749756256094967,"reg_9":-0.21449463763405846,"reg_4":-0.08124796880077856,"reg_3":-0.24374390640233565,"reg_5":-0.09099772505685812,"reg_7":-0.474488137796546,"reg_6":0.08124796880077856,"reg_1":-0.3867403314917144,"reg_8":-0.18524536886578127},"m_p":{"reg_2":0.1642498612157523,"reg_9":0.32522100867545284,"reg_4":0.30262694538932644,"reg_3":0.3105819651201627,"reg_5":0.20558235406346712,"reg_7":0.5906494836703431,"reg_6":0.31400774174304175,"reg_1":0.5907614830204709,"reg_8":0.3455288814831795},"m_v":{"reg_2":-0.02363729736621153,"reg_9":-0.1083372457428564,"reg_4":-0.09432880601384,"reg_3":-0.15002881825466247,"reg_5":-0.07498397811520363,"reg_7":-0.40151092066304933,"reg_6":-0.31513142490134965,"reg_1":-0.2589048971854337,"reg_8":-0.11505367184774279},"m_a":{"reg_2":-2.220203844682969,"reg_9":-0.19812803313415667,"reg_4":-0.966153030078444,"reg_3":5.40021551333527,"reg_5":7.94693401451963,"reg_7":9.208494383104197,"reg_6":1.082638844316022,"reg_1":3.271153871151436,"reg_8":-1.3425834456568355},"scenario":"ps=1.05, qs=1.0","s_q":{"reg_2":0.0044028342742505515,"reg_9":0.0006896416773296073,"reg_4":0.0069122958063832975,"reg_3":-0.013778837198051322,"reg_5":-0.015252530315181532,"reg_7":0.0036251174573331915,"reg_6":-0.008206390462015004,"reg_1":0.00831302136951674,"reg_8":0.004957635314101804},"s_y":{"reg_2":0.0034231367041548336,"reg_9":0.0018664194142565971,"reg_4":0.001008649505660691,"reg_3":-0.004226766401539555,"reg_5":-0.010750906386722938,"reg_7":0.00145983854307091,"reg_6":-0.010382327274416646,"reg_1":0.003946838908856545,"reg_8":-0.0012371916654108192},"m_w":{"reg_2":0.2024635455142705,"reg_9":0.3136099856920546,"reg_4":0.19604210935756694,"reg_3":0.26629274636663003,"reg_5":0.15513372371272258,"reg_7":0.4432260328340165,"reg_6":0.38033828792131336,"reg_1":0.51612490883575,"reg_8":0.26763373986597455},"d_value":{"reg_2":-1.6412951453707962,"reg_9":-1.0943540031117303,"reg_4":-1.3042749680018293,"reg_3":-1.551789282363555,"reg_5":-2.000774827712019,"reg_7":-1.4228488611002037,"reg_6":-2.2220765633553095,"reg_1":-1.0443031460784118,"reg_8":-0.7487107813060262},"s_p":{"reg_2":0.04063554691961162,"reg_9":0.0941484563698778,"reg_4":0.1360614173128781,"reg_3":0.17714780099331678,"reg_5":0.07835228182674722,"reg_7":0.3687639702400465,"reg_6":0.4751525431335479,"reg_1":0.3552481284425171,"reg_8":0.11207074272724918},"d_cons":{"reg_2":-0.7069816240840675,"reg_9":-0.9286641815441363,"reg_4":-0.5223575254594524,"reg_3":-0.43379848333872534,"reg_5":-0.3851518375750193,"reg_7":-0.556825748470895,"reg_6":-0.32617643652407563,"reg_1":-0.5078349397163034,"reg_8":-0.41413598912123506},"s_a":{"reg_2":-0.19401742526704893,"reg_9":0.006046012832539475,"reg_4":-0.0930422391304972,"reg_3":0.8594728009888132,"reg_5":0.8980987969927664,"reg_7":1.5581533183704002,"reg_6":1.13922458640269,"reg_1":0.48970765045531667,"reg_8":-0.2722230332312123},"s_v":{"reg_2":-0.009777166196992145,"reg_9":-0.03247928679156324,"reg_4":-0.035079893571391595,"reg_3":-0.05029578960103031,"reg_5":-0.02458062066904169,"reg_7":-0.12196090827201597,"reg_6":-0.10258515600264546,"reg_1":-0.1157153617412942,"reg_8":-0.03657373957533045},"m_u":{"reg_2":-0.0388836139075958,"reg_9":-0.23940634545281422,"reg_4":0.0010396789609528091,"reg_3":-0.3097333690207071,"reg_5":-0.293576980920787,"reg_7":-0.6654242243120558,"reg_6":-0.7381020276535694,"reg_1":-0.3903093521209458,"reg_8":-0.06444001021191752},"s_u":{"reg_2":-0.08290166069990668,"reg_9":-0.02669466024375884,"reg_4":-0.061472871144222604,"reg_3":-0.0682434164684512,"reg_5":-0.10445988426833622,"reg_7":-0.20325080537819673,"reg_6":-0.0749651151400961,"reg_1":-0.06874403881586069,"reg_8":-0.05349984118022087},"s_h":{"reg_2":0.006261348694509231,"reg_9":-0.025828063364853496,"reg_4":-0.037568092167055395,"reg_3":-0.08609354454949611,"reg_5":-0.045394778035197765,"reg_7":-0.17375242627262535,"reg_6":-0.0665268298791635,"reg_1":-0.17531776344624683,"reg_8":-0.02895873771210811},"s_w":{"reg_2":0.054323469938842205,"reg_9":0.117707785277157,"reg_4":0.14659447998118727,"reg_3":0.20197510111360203,"reg_5":0.0907799431733469,"reg_7":0.4035784498490542,"reg_6":0.5702269043063303,"reg_1":0.4064362751640371,"reg_8":0.1115396383736026},"m_q":{"reg_2":0.0044028342742505515,"reg_9":0.0006896416773296073,"reg_4":0.0069122958063832975,"reg_3":-0.013778837198051322,"reg_5":-0.015252530315181532,"reg_7":0.0036251174573331915,"reg_6":-0.008206390462015004,"reg_1":0.00831302136951674,"reg_8":0.004957635314101804}}