{"cop_param":{"rho.1":0.597619539480518},"cop_margins":{"m":-0.0759972742483857,"s":0.935284044275502,"m1":-0.0900332360804467,"s1":1.09235829338899},"Gmove":[0.273978430721741,0.263519954711144,0.251988526433382,0.241891408384618,0.263751821625175,0.260526464720278,0.256672863848777,0.253033998075876,0.243655373788289,0.247708103965035,0.252053535907811,0.255740528384596,0.218614373864795,0.228245476603544,0.23928507381003,0.24933406515491]}