{"amenity_WNC":[0.0752571999197849,0.03137088813185109,0.9701016041944672],"taudist":[0.65,0.552500910661323,0.9869249394870552],"xi2":[0.052,0.0013388285865752463,0.06515795587239977],"amenity_Pcf":[0.17028114167379463,0.07049717533093026,0.7248664946114078],"xi1":[0.008,0.005103832867407106,0.019493889091474238],"MC2":[0.0013,7.825895788912633e-5,0.004533618622684019],"amenity_WSC":[0.11706903819630601,0.03593856480792507,0.8559431126614534],"omega2":[5.1,4.129219101875734,6.081459778233282],"MC4":[0.36,0.020876799106998693,0.681631119710837],"amenity_ESC":[0.0784921196842144,0.06084054898904355,0.8946113940299679],"MC0":[2.77,2.576550716000989,3.7239883747511695],"amenity_NwE":[0.05495320103297414,0.04380656733553664,0.922616852196225],"MC1":[0.017,0.020421495401950655,0.039721089544013204],"amenity_StA":[0.1767456812759113,0.03128284553769454,0.8946637942085611],"MC3":[0.26,0.2257340990927163,0.9730947821654992],"amenity_Mnt":[0.10519114523436318,0.06653984433545863,0.9286670004692573],"amenity_ENC":[0.14061262242012254,0.061329477316506044,0.9708801427964282],"amenity_MdA":[0.10639785056252891,0.08099160425741564,0.9748352815054103]}