{
    "amenity_Pcf": [
        0.022206589914905407,
        0.3781046462647862
    ],
    "amenity_Mnt": [
        0.020131858535723864,
        0.4741416956912492
    ],
    "amenity_ENC": [
        0.03850166667719886,
        0.9034210730226123
    ],
    "amenity_MdA": [
        0.024161417778999838,
        0.7919429609294052
    ],
    "amenity_StA": [
        0.029821105608285964,
        0.5136837393471666
    ],
    "amenity_WSC": [
        0.08338300989590984,
        0.9597109229409274
    ],
    "MC2": [
        0.00010524476093134967,
        0.009835121326847576
    ],
    "amenity_ESC": [
        0.016677726736207717,
        0.5698146458911032
    ],
    "MC0": [
        2.672306100810066,
        3.4638608736846543
    ],
    "xi1": [
        0.0041244906129220705,
        0.019873228037594722
    ],
    "MC4": [
        0.10649058411762956,
        0.8165524750704268
    ],
    "omega2": [
        4.356380833069465,
        5.977215211828605
    ],
    "amenity_WNC": [
        0.02811535355210981,
        0.3711148019169287
    ],
    "xi2": [
        0.0063872732601464085,
        0.05982663636010012
    ],
    "MC1": [
        0.0011458227661701374,
        0.030891005911416605
    ],
    "amenity_NwE": [
        0.026544524127313254,
        0.7669753937611365
    ],
    "MC3": [
        0.017638997127513413,
        0.803038034396116
    ],
    "taudist": [
        0.3146947221634806,
        0.9673985720006613
    ]
}