{
    "Pcf": {
        "all_y": 0.4420608391699419,
        "d_total_out_y": -1.412887617151201,
        "d_rent_out_y": -1.5047091145846394,
        "d_in_rent_y": 3.483520237312804,
        "d_in_buy_y": 4.11322751322751,
        "d_own_out_y": -0.7395348889156933,
        "d_total_in_y": 4.023860546074165
    },
    "StA": {
        "all_y": 0.5203684264467393,
        "d_total_out_y": -1.7622897939904913,
        "d_rent_out_y": -2.000114041933041,
        "d_in_rent_y": 4.061630014784917,
        "d_in_buy_y": 3.5091273117434083,
        "d_own_out_y": -0.642097685596137,
        "d_total_in_y": 5.031450694337469
    },
    "Mnt": {
        "all_y": 0.706534152162917,
        "d_total_out_y": -1.2945844953852133,
        "d_rent_out_y": -1.5203448917705389,
        "d_in_rent_y": 3.667440494883139,
        "d_in_buy_y": 2.936040974276266,
        "d_own_out_y": -0.08783068783068769,
        "d_total_in_y": 4.440287432880513
    },
    "ENC": {
        "all_y": 0.47308672689900294,
        "d_total_out_y": -1.4182415998941629,
        "d_rent_out_y": -1.7444340637624867,
        "d_in_rent_y": 4.254807762455455,
        "d_in_buy_y": 2.289194062187445,
        "d_own_out_y": -0.6053667843949169,
        "d_total_in_y": 5.04232609014092
    },
    "WSC": {
        "all_y": 0.5809294349807015,
        "d_total_out_y": -0.8921782271511934,
        "d_rent_out_y": -0.8182638675324456,
        "d_in_rent_y": 5.4470654527472515,
        "d_in_buy_y": 2.4333508825314514,
        "d_own_out_y": -1.0202651235932962,
        "d_total_in_y": 6.781276259368967
    },
    "MdA": {
        "all_y": 0.42122111294289594,
        "d_total_out_y": -0.756244702558627,
        "d_rent_out_y": -0.8198420283567728,
        "d_in_rent_y": 4.254066819783696,
        "d_in_buy_y": 2.7851250601250572,
        "d_own_out_y": -0.37229193795689924,
        "d_total_in_y": 4.904442796734082
    },
    "WNC": {
        "all_y": 0.8141759388735821,
        "d_total_out_y": -0.28977841027209955,
        "d_rent_out_y": -0.4511690803416191,
        "d_in_rent_y": 3.302123783349112,
        "d_in_buy_y": 2.688232838903631,
        "d_own_out_y": 0.13985877670088193,
        "d_total_in_y": 3.88377495319807
    },
    "ESC": {
        "all_y": 0.42951709040303676,
        "d_total_out_y": -0.332436768799103,
        "d_rent_out_y": -0.3746040780974875,
        "d_in_rent_y": 2.830957922201688,
        "d_in_buy_y": 2.4279609279609256,
        "d_own_out_y": 0.05033670033670024,
        "d_total_in_y": 3.4993298086099043
    },
    "NwE": {
        "all_y": 0.5574313107923202,
        "d_total_out_y": -0.12728025915947458,
        "d_rent_out_y": -0.29668471993523454,
        "d_in_rent_y": 2.737483586599317,
        "d_in_buy_y": 5.055555555555551,
        "d_own_out_y": 1.0807118807118798,
        "d_total_in_y": 3.094969478529181
    }
}