{"Pcf":{"d_in_rent_y":0.0,"all_y":0.0,"d_in_buy_y":0.0,"d_in_rent_p":-1.3415890393189402,"d_rent_out_p":4.973997294582572,"d_total_out_y":0.0,"d_total_out_p":4.4195256795372195,"d_own_out_p":0.3487179487179484,"all_p":-0.427395622537795,"d_own_out_y":0.0,"d_rent_out_y":0.0,"d_total_in_p":-1.5319830144852111,"d_in_buy_p":-2.142857142857141,"d_total_in_y":0.0},"StA":{"d_in_rent_y":0.0,"all_y":0.0,"d_in_buy_y":0.0,"d_in_rent_p":-0.8911395487911965,"d_rent_out_p":1.2110271663585352,"d_total_out_y":0.0,"d_total_out_p":1.0378658888290901,"d_own_out_p":-0.29978354978354943,"all_p":-0.124014571583157,"d_own_out_y":0.0,"d_rent_out_y":0.0,"d_total_in_p":-1.053179988547202,"d_in_buy_p":-1.221741221741221,"d_total_in_y":0.0},"Mnt":{"d_in_rent_y":0.0,"all_y":0.0,"d_in_buy_y":0.0,"d_in_rent_p":-0.9580118308343059,"d_rent_out_p":0.9733390418214205,"d_total_out_y":0.0,"d_total_out_p":0.9203599490257023,"d_own_out_p":0.35555555555555524,"all_p":-0.18971460320951777,"d_own_out_y":0.0,"d_rent_out_y":0.0,"d_total_in_p":-1.1428340605012557,"d_in_buy_p":-1.6857142857142842,"d_total_in_y":0.0},"ENC":{"d_in_rent_y":0.0,"all_y":0.0,"d_in_buy_y":0.0,"d_in_rent_p":-0.4322294946010731,"d_rent_out_p":0.3713833211201629,"d_total_out_y":0.0,"d_total_out_p":0.4052103342785937,"d_own_out_p":1.2296296296296283,"all_p":-0.04681977450823619,"d_own_out_y":0.0,"d_rent_out_y":0.0,"d_total_in_p":-0.5741860499504854,"d_in_buy_p":-1.3222222222222213,"d_total_in_y":0.0},"WSC":{"d_in_rent_y":0.0,"all_y":0.0,"d_in_buy_y":0.0,"d_in_rent_p":-0.3365112458501416,"d_rent_out_p":1.1192171808005764,"d_total_out_y":0.0,"d_total_out_p":0.9804887401994639,"d_own_out_p":-2.960594732333751e-17,"all_p":-0.12877732141638182,"d_own_out_y":0.0,"d_rent_out_y":0.0,"d_total_in_p":-0.7761978947216425,"d_in_buy_p":-1.6171402671402657,"d_total_in_y":0.0},"MdA":{"d_in_rent_y":0.0,"all_y":0.0,"d_in_buy_y":0.0,"d_in_rent_p":-0.5568026342536142,"d_rent_out_p":0.9101951385738118,"d_total_out_y":0.0,"d_total_out_p":0.7910957881412602,"d_own_out_p":-0.7904761904761898,"all_p":-0.1080433930346639,"d_own_out_y":0.0,"d_rent_out_y":0.0,"d_total_in_p":-0.6871968994865889,"d_in_buy_p":-0.6999999999999994,"d_total_in_y":0.0},"agg":{"d_in_rent_y":0.0,"all_y":0.0,"d_in_buy_y":0.0,"d_in_rent_p":-0.7367293013941594,"d_rent_out_p":1.065326450847756,"d_total_out_y":0.0,"d_total_out_p":0.9682718925685037,"d_own_out_p":0.4332443276887717,"all_p":-0.1402412642896064,"d_own_out_y":0.0,"d_rent_out_y":0.0,"d_total_in_p":-0.9010833132900758,"d_in_buy_p":-1.1422390366834803,"d_total_in_y":0.0},"WNC":{"d_in_rent_y":0.0,"all_y":0.0,"d_in_buy_y":0.0,"d_in_rent_p":-0.3002888514860446,"d_rent_out_p":0.030520202382947455,"d_total_out_y":0.0,"d_total_out_p":0.12797414253299202,"d_own_out_p":2.1666666666666647,"all_p":-0.06158330553708248,"d_own_out_y":0.0,"d_rent_out_y":0.0,"d_total_in_p":-0.3947311090564419,"d_in_buy_p":-1.0349206349206341,"d_total_in_y":0.0},"ESC":{"d_in_rent_y":0.0,"all_y":0.0,"d_in_buy_y":0.0,"d_in_rent_p":-0.7497049247049241,"d_rent_out_p":-0.0015783613953912479,"d_total_out_y":0.0,"d_total_out_p":-0.0043189261456547225,"d_own_out_p":0.0,"all_p":-0.06170243405405949,"d_own_out_y":0.0,"d_rent_out_y":0.0,"d_total_in_p":-0.7536731786731781,"d_in_buy_p":0.3333333333333329,"d_total_in_y":0.0},"NwE":{"d_in_rent_y":0.0,"all_y":0.0,"d_in_buy_y":0.0,"d_in_rent_p":-1.0642861427071943,"d_rent_out_p":-0.00016292661483225206,"d_total_out_y":0.0,"d_total_out_p":0.036245436717865995,"d_own_out_p":0.8888888888888881,"all_p":-0.11412035272556413,"d_own_out_y":0.0,"d_rent_out_y":0.0,"d_total_in_p":-1.1957676241886759,"d_in_buy_p":-0.8888888888888881,"d_total_in_y":0.0}}