{"Pcf":{"all":1.3741723526713692,"d_in_rent_y":3.2987664696643,"d_in_buy_y":2.7767195767195743,"d_total_in_y":3.6863108677350125},"StA":{"all":1.2681403382334195,"d_in_rent_y":3.7660467962887867,"d_in_buy_y":3.1386485822399113,"d_total_in_y":4.627934022275123},"Mnt":{"all":1.71979686504775,"d_in_rent_y":3.5279361395893103,"d_in_buy_y":2.237926779103248,"d_total_in_y":4.112338382757693},"ENC":{"all":1.2933901766613978,"d_in_rent_y":3.7440519494942217,"d_in_buy_y":1.4692184462104245,"d_total_in_y":4.268884775721416},"WSC":{"all":1.216804745484061,"d_in_rent_y":5.5093429522976,"d_in_buy_y":1.822612332126606,"d_total_in_y":6.505071265323141},"MdA":{"all":1.0399735651103255,"d_in_rent_y":4.203229878946754,"d_in_buy_y":2.380495430495428,"d_total_in_y":4.755246067537352},"WNC":{"all":1.7653632330613458,"d_in_rent_y":3.137206633894861,"d_in_buy_y":2.271117855121981,"d_total_in_y":3.622727501737639},"ESC":{"all":1.0677737595614283,"d_in_rent_y":2.7118829358853223,"d_in_buy_y":2.464468864468862,"d_total_in_y":3.391867666665003},"NwE":{"all":1.3524000351662395,"d_in_rent_y":2.721020882636613,"d_in_buy_y":5.277777777777772,"d_total_in_y":3.110829836494802}}