{"Pcf":{"d_in_rent_y":0.0,"all_y":0.0,"d_in_buy_y":0.0,"d_in_rent_p":-1.1411016241256542,"d_rent_out_p":5.739773853894551,"d_total_out_y":0.0,"d_total_out_p":4.915895685070366,"d_own_out_p":0.37800162800162773,"all_p":-0.5169732315716137,"d_own_out_y":0.0,"d_rent_out_y":0.0,"d_total_in_p":-1.532925501278336,"d_in_buy_p":-3.918181818181815,"d_total_in_y":0.0},"StA":{"d_in_rent_y":0.0,"all_y":0.0,"d_in_buy_y":0.0,"d_in_rent_p":-0.8842744367698934,"d_rent_out_p":1.3470345176230423,"d_total_out_y":0.0,"d_total_out_p":1.1863885219658623,"d_own_out_p":0.3201058201058198,"all_p":-0.16492535714014864,"d_own_out_y":0.0,"d_rent_out_y":0.0,"d_total_in_p":-1.0808930729537716,"d_in_buy_p":-1.1499740999740988,"d_total_in_y":0.0},"Mnt":{"d_in_rent_y":0.0,"all_y":0.0,"d_in_buy_y":0.0,"d_in_rent_p":-0.807886823618697,"d_rent_out_p":0.7855249084051633,"d_total_out_y":0.0,"d_total_out_p":0.8070094968027544,"d_own_out_p":1.0790764790764782,"all_p":-0.19028120778854404,"d_own_out_y":0.0,"d_rent_out_y":0.0,"d_total_in_p":-0.8827448429363606,"d_in_buy_p":-0.33571428571428535,"d_total_in_y":0.0},"ENC":{"d_in_rent_y":0.0,"all_y":0.0,"d_in_buy_y":0.0,"d_in_rent_p":-0.41305072080465527,"d_rent_out_p":0.3815453961391055,"d_total_out_y":0.0,"d_total_out_p":0.37366042329459587,"d_own_out_p":0.3898247177658939,"all_p":-0.04862167542214934,"d_own_out_y":0.0,"d_rent_out_y":0.0,"d_total_in_p":-0.514011592951968,"d_in_buy_p":-0.7367724867724861,"d_total_in_y":0.0},"WSC":{"d_in_rent_y":0.0,"all_y":0.0,"d_in_buy_y":0.0,"d_in_rent_p":-0.3109416928426429,"d_rent_out_p":1.234177652804096,"d_total_out_y":0.0,"d_total_out_p":1.00778699934301,"d_own_out_p":0.7397232397232391,"all_p":-0.11686068774488816,"d_own_out_y":0.0,"d_rent_out_y":0.0,"d_total_in_p":-0.6663771981039318,"d_in_buy_p":-0.9243719243719235,"d_total_in_y":0.0},"MdA":{"d_in_rent_y":0.0,"all_y":0.0,"d_in_buy_y":0.0,"d_in_rent_p":-0.7697744609780929,"d_rent_out_p":0.7193660868766052,"d_total_out_y":0.0,"d_total_out_p":0.6238375663792383,"d_own_out_p":-0.0888888888888888,"all_p":-0.1368976254902923,"d_own_out_y":0.0,"d_rent_out_y":0.0,"d_total_in_p":-1.01140217441108,"d_in_buy_p":null,"d_total_in_y":0.0},"agg":{"d_in_rent_y":0.0,"all_y":0.0,"d_in_buy_y":0.0,"d_in_rent_p":-0.7388535035402545,"d_rent_out_p":1.162474364150064,"d_total_out_y":0.0,"d_total_out_p":1.0283194544100451,"d_own_out_p":null,"all_p":-0.16637418423067407,"d_own_out_y":0.0,"d_rent_out_y":0.0,"d_total_in_p":-0.9487609171105551,"d_in_buy_p":null,"d_total_in_y":0.0},"WNC":{"d_in_rent_y":0.0,"all_y":0.0,"d_in_buy_y":0.0,"d_in_rent_p":-0.2997517202789129,"d_rent_out_p":0.20362075525118986,"d_total_out_y":0.0,"d_total_out_p":0.23341266377116854,"d_own_out_p":null,"all_p":-0.06212681574384018,"d_own_out_y":0.0,"d_rent_out_y":0.0,"d_total_in_p":-0.38542057662446083,"d_in_buy_p":-0.7193121693121688,"d_total_in_y":0.0},"ESC":{"d_in_rent_y":0.0,"all_y":0.0,"d_in_buy_y":0.0,"d_in_rent_p":-0.7762110569594849,"d_rent_out_p":-0.0388363039132241,"d_total_out_y":0.0,"d_total_out_p":0.05355937290552534,"d_own_out_p":null,"all_p":-0.10027337241076172,"d_own_out_y":0.0,"d_rent_out_y":0.0,"d_total_in_p":-1.0162143584278642,"d_in_buy_p":-0.9232804232804225,"d_total_in_y":0.0},"NwE":{"d_in_rent_y":0.0,"all_y":0.0,"d_in_buy_y":0.0,"d_in_rent_p":-1.2466889954842562,"d_rent_out_p":0.09006241027004827,"d_total_out_y":0.0,"d_total_out_p":0.05332436015788596,"d_own_out_p":null,"all_p":-0.1604076847638286,"d_own_out_y":0.0,"d_rent_out_y":0.0,"d_total_in_p":-1.448858936307223,"d_in_buy_p":null,"d_total_in_y":0.0}}