{
    "Pcf": {
        "d_in_rent_y": 0.0,
        "all_y": 0.0,
        "d_in_buy_y": 0.0,
        "d_in_rent_p": -1.5640198281839133,
        "d_rent_out_p": 2.5350173485108605,
        "d_total_out_y": 0.0,
        "d_total_out_p": 2.102607015326688,
        "d_own_out_p": -0.1664382286673307,
        "all_p": -0.44098595248752387,
        "d_own_out_y": 0.0,
        "d_rent_out_y": 0.0,
        "d_total_in_p": -2.16898411573334,
        "d_in_buy_p": -3.5629629629629593,
        "d_total_in_y": 0.0
    },
    "StA": {
        "d_in_rent_y": 0.0,
        "all_y": 0.0,
        "d_in_buy_y": 0.0,
        "d_in_rent_p": -1.688320759319239,
        "d_rent_out_p": 1.265625368646639,
        "d_total_out_y": 0.0,
        "d_total_out_p": 1.120055997011762,
        "d_own_out_p": 0.5453174792184076,
        "all_p": -0.2698718031830584,
        "d_own_out_y": 0.0,
        "d_rent_out_y": 0.0,
        "d_total_in_p": -2.1984496861043996,
        "d_in_buy_p": -1.798390502399789,
        "d_total_in_y": 0.0
    },
    "Mnt": {
        "d_in_rent_y": 0.0,
        "all_y": 0.0,
        "d_in_buy_y": 0.0,
        "d_in_rent_p": -1.477277236679023,
        "d_rent_out_p": 0.8760972549599058,
        "d_total_out_y": 0.0,
        "d_total_out_p": 0.8247969117731188,
        "d_own_out_p": 0.7229751729751721,
        "all_p": -0.35408635227507185,
        "d_own_out_y": 0.0,
        "d_rent_out_y": 0.0,
        "d_total_in_p": -2.043528935099751,
        "d_in_buy_p": -1.9109907521672207,
        "d_total_in_y": 0.0
    },
    "ENC": {
        "d_in_rent_y": 0.0,
        "all_y": 0.0,
        "d_in_buy_y": 0.0,
        "d_in_rent_p": -1.361006723152429,
        "d_rent_out_p": 1.6990542965946733,
        "d_total_out_y": 0.0,
        "d_total_out_p": 1.2293924460257084,
        "d_own_out_p": 0.33268750644070316,
        "all_p": -0.22695589521307888,
        "d_own_out_y": 0.0,
        "d_rent_out_y": 0.0,
        "d_total_in_p": -1.8795186675647597,
        "d_in_buy_p": -1.5253368940448138,
        "d_total_in_y": 0.0
    },
    "WSC": {
        "d_in_rent_y": 0.0,
        "all_y": 0.0,
        "d_in_buy_y": 0.0,
        "d_in_rent_p": -1.2579175168254675,
        "d_rent_out_p": 1.4780612925483114,
        "d_total_out_y": 0.0,
        "d_total_out_p": 1.2216106356203171,
        "d_own_out_p": 0.3239761986666008,
        "all_p": -0.2635640280055638,
        "d_own_out_y": 0.0,
        "d_rent_out_y": 0.0,
        "d_total_in_p": -1.9559452930507264,
        "d_in_buy_p": -1.1878074377147414,
        "d_total_in_y": 0.0
    },
    "MdA": {
        "d_in_rent_y": 0.0,
        "all_y": 0.0,
        "d_in_buy_y": 0.0,
        "d_in_rent_p": -0.9384193394492844,
        "d_rent_out_p": 0.6405042547753241,
        "d_total_out_y": 0.0,
        "d_total_out_p": 0.5435600734057028,
        "d_own_out_p": 0.09035098402442585,
        "all_p": -0.1862860413327093,
        "d_own_out_y": 0.0,
        "d_rent_out_y": 0.0,
        "d_total_in_p": -1.4670492846536394,
        "d_in_buy_p": -2.1693843193843176,
        "d_total_in_y": 0.0
    },
    "WNC": {
        "d_in_rent_y": 0.0,
        "all_y": 0.0,
        "d_in_buy_y": 0.0,
        "d_in_rent_p": -1.1075544208560346,
        "d_rent_out_p": 0.5887531227910899,
        "d_total_out_y": 0.0,
        "d_total_out_p": 0.4317933506042603,
        "d_own_out_p": -0.09926798347850972,
        "all_p": -0.3019595137669217,
        "d_own_out_y": 0.0,
        "d_rent_out_y": 0.0,
        "d_total_in_p": -1.3926585051842104,
        "d_in_buy_p": -1.4082482666589984,
        "d_total_in_y": 0.0
    },
    "ESC": {
        "d_in_rent_y": 0.0,
        "all_y": 0.0,
        "d_in_buy_y": 0.0,
        "d_in_rent_p": -0.9517737947194722,
        "d_rent_out_p": 0.1557726922678818,
        "d_total_out_y": 0.0,
        "d_total_out_p": 0.2281509444614859,
        "d_own_out_p": 0.9777296777296768,
        "all_p": -0.19513159885132633,
        "d_own_out_y": 0.0,
        "d_rent_out_y": 0.0,
        "d_total_in_p": -1.3467455179755994,
        "d_in_buy_p": -1.549694749694748,
        "d_total_in_y": 0.0
    },
    "NwE": {
        "d_in_rent_y": 0.0,
        "all_y": 0.0,
        "d_in_buy_y": 0.0,
        "d_in_rent_p": -1.8230866656871167,
        "d_rent_out_p": -0.06546454411920874,
        "d_total_out_y": 0.0,
        "d_total_out_p": -0.16207730247730237,
        "d_own_out_p": -0.6394420394420389,
        "all_p": -0.3060034760888384,
        "d_own_out_y": 0.0,
        "d_rent_out_y": 0.0,
        "d_total_in_p": -1.9997405971797582,
        "d_in_buy_p": -2.2222222222222205,
        "d_total_in_y": 0.0
    }
}