{"Pcf":{"d_in_rent_y":1.2283541655585428,"all_y":0.18247963594887756,"d_in_buy_y":0.777777777777777,"d_in_rent_p":0.0,"d_rent_out_p":0.0,"d_total_out_y":-1.3831265267575377,"d_total_out_p":0.0,"d_own_out_p":0.0,"all_p":0.0,"d_own_out_y":-0.2705128205128202,"d_rent_out_y":-1.4847549923742145,"d_total_in_p":0.0,"d_in_buy_p":0.0,"d_total_in_y":1.2792232311334903},"StA":{"d_in_rent_y":1.3192788894334322,"all_y":0.12874385571300814,"d_in_buy_y":0.62058682058682,"d_in_rent_p":0.0,"d_rent_out_p":0.0,"d_total_out_y":-0.8355690222996344,"d_total_out_p":0.0,"d_own_out_p":0.0,"all_p":0.0,"d_own_out_y":-0.49898989898989854,"d_rent_out_y":-0.8674656214486409,"d_total_in_p":0.0,"d_in_buy_p":0.0,"d_total_in_y":1.3264159536978264},"Mnt":{"d_in_rent_y":1.1346315295036937,"all_y":0.1668335729291264,"d_in_buy_y":-0.09523809523809515,"d_in_rent_p":0.0,"d_rent_out_p":0.0,"d_total_out_y":-0.6956290300886893,"d_total_out_p":0.0,"d_own_out_p":0.0,"all_p":0.0,"d_own_out_y":0.9333333333333323,"d_rent_out_y":-0.7409534527911931,"d_total_in_p":0.0,"d_in_buy_p":0.0,"d_total_in_y":1.1119286177642371},"ENC":{"d_in_rent_y":1.2493244505381955,"all_y":0.0636347471286705,"d_in_buy_y":0.3999999999999996,"d_in_rent_p":0.0,"d_rent_out_p":0.0,"d_total_out_y":0.021368286608900014,"d_total_out_p":0.0,"d_own_out_p":0.0,"all_p":0.0,"d_own_out_y":-0.8113997113997107,"d_rent_out_y":0.12759163141000077,"d_total_in_p":0.0,"d_in_buy_p":0.0,"d_total_in_y":1.2395359484813389},"WSC":{"d_in_rent_y":2.104664650948346,"all_y":0.12541930578663948,"d_in_buy_y":-0.7062104562104554,"d_in_rent_p":0.0,"d_rent_out_p":0.0,"d_total_out_y":0.018954810519682855,"d_total_out_p":0.0,"d_own_out_p":0.0,"all_p":0.0,"d_own_out_y":-0.8222222222222214,"d_rent_out_y":0.10497515129801077,"d_total_in_p":0.0,"d_in_buy_p":0.0,"d_total_in_y":1.9143288181413967},"MdA":{"d_in_rent_y":1.45855789654651,"all_y":0.10428617337286683,"d_in_buy_y":-0.09999999999999991,"d_in_rent_p":0.0,"d_rent_out_p":0.0,"d_total_out_y":-0.4008138035290692,"d_total_out_p":0.0,"d_own_out_p":0.0,"all_p":0.0,"d_own_out_y":-1.2396825396825384,"d_rent_out_y":-0.367786728994879,"d_total_in_p":0.0,"d_in_buy_p":0.0,"d_total_in_y":1.3919176417342123},"agg":{"d_in_rent_y":1.2260556074687567,"all_y":0.11561499713086833,"d_in_buy_y":0.17073317628873172,"d_in_rent_p":0.0,"d_rent_out_p":0.0,"d_total_out_y":-0.38911691016088334,"d_total_out_p":0.0,"d_own_out_p":0.0,"all_p":0.0,"d_own_out_y":-0.041793391793391726,"d_rent_out_y":-0.3920582525319419,"d_total_in_p":0.0,"d_in_buy_p":0.0,"d_total_in_y":1.2092816816655891},"WNC":{"d_in_rent_y":0.8507881840486156,"all_y":0.10015352908374867,"d_in_buy_y":0.006349206349206327,"d_in_rent_p":0.0,"d_rent_out_p":0.0,"d_total_out_y":-0.06502204543314499,"d_total_out_p":0.0,"d_own_out_p":0.0,"all_p":0.0,"d_own_out_y":0.11111111111111101,"d_rent_out_y":-0.06846874077266227,"d_total_in_p":0.0,"d_in_buy_p":0.0,"d_total_in_y":0.7931160643948364},"ESC":{"d_in_rent_y":0.8256114947206893,"all_y":0.060846400130912776,"d_in_buy_y":0.6333333333333327,"d_in_rent_p":0.0,"d_rent_out_p":0.0,"d_total_out_y":-0.004550126551357127,"d_total_out_p":0.0,"d_own_out_p":0.0,"all_p":0.0,"d_own_out_y":0.6666666666666661,"d_rent_out_y":-0.035253871329966144,"d_total_in_p":0.0,"d_in_buy_p":0.0,"d_total_in_y":0.8807515706940985},"NwE":{"d_in_rent_y":0.8632892059207841,"all_y":0.10813775408396471,"d_in_buy_y":0.0,"d_in_rent_p":0.0,"d_rent_out_p":0.0,"d_total_out_y":-0.15766473391709995,"d_total_out_p":0.0,"d_own_out_p":0.0,"all_p":0.0,"d_own_out_y":1.5555555555555542,"d_rent_out_y":-0.19640764778393313,"d_total_in_p":0.0,"d_in_buy_p":0.0,"d_total_in_y":0.946317288948867}}