{"Pcf":{"all":0.4420608391699419,"d_in_rent_y":3.483520237312804,"d_in_buy_y":4.11322751322751,"d_total_in_y":4.023860546074165},"StA":{"all":0.5203684264467393,"d_in_rent_y":4.061630014784917,"d_in_buy_y":3.5091273117434083,"d_total_in_y":5.031450694337469},"Mnt":{"all":0.706534152162917,"d_in_rent_y":3.667440494883139,"d_in_buy_y":2.936040974276266,"d_total_in_y":4.440287432880513},"ENC":{"all":0.47308672689900294,"d_in_rent_y":4.254807762455455,"d_in_buy_y":2.289194062187445,"d_total_in_y":5.04232609014092},"WSC":{"all":0.5809294349807015,"d_in_rent_y":5.4470654527472515,"d_in_buy_y":2.4333508825314514,"d_total_in_y":6.781276259368967},"MdA":{"all":0.42122111294289594,"d_in_rent_y":4.254066819783696,"d_in_buy_y":2.7851250601250572,"d_total_in_y":4.904442796734082},"WNC":{"all":0.8141759388735821,"d_in_rent_y":3.302123783349112,"d_in_buy_y":2.688232838903631,"d_total_in_y":3.88377495319807},"ESC":{"all":0.42951709040303676,"d_in_rent_y":2.830957922201688,"d_in_buy_y":2.4279609279609256,"d_total_in_y":3.4993298086099043},"NwE":{"all":0.5574313107923202,"d_in_rent_y":2.737483586599317,"d_in_buy_y":5.055555555555551,"d_total_in_y":3.094969478529181}}