{"amenity_Pcf":{"estimate":0.19799406809991663,"se":0.00020210684630227616},"amenity_Mnt":{"estimate":0.12361596818696927,"se":3.3732344002544334e-5},"amenity_ENC":{"estimate":0.13653039555571045,"se":0.0013930598323611085},"amenity_MdA":{"estimate":0.11228568747917536,"se":0.0002876652399036937},"amenity_StA":{"estimate":0.16793981034789,"se":2.117213419881806e-7},"amenity_WSC":{"estimate":0.1217104622430848,"se":7.453623096309103e-9},"MC2":{"estimate":0.0013181640903686088,"se":0.00015913137410474037},"amenity_ESC":{"estimate":0.06284930662084671,"se":0.009882288683645966},"eta":{"estimate":0.21680856123662307,"se":0.00025563510542147747},"MC0":{"estimate":3.164724965517242,"se":9.293306497390647e-7},"xi1":{"estimate":-0.009322659310344827,"se":6.496573051445986e-5},"MC4":{"estimate":0.147280279470253,"se":0.0006912041006828197},"omega2":{"estimate":4.3639369512485136,"se":1.7642928713663917e-5},"amenity_WNC":{"estimate":0.09028527348276322,"se":6.244906355367365e-5},"xi2":{"estimate":0.003489655172413793,"se":4.917788553860224e-5},"MC1":{"estimate":0.01687613793103448,"se":0.17311844266870938},"amenity_NwE":{"estimate":0.04402926264280554,"se":0.00945514174808819},"MC3":{"estimate":0.21682758620689657,"se":2.0817103681095204e-5},"taudist":{"estimate":0.6972689655172413,"se":7.9018539909448e-5}}