{"estimates":{"amenity_Pcf":0.1727503233806918,"amenity_Mnt":0.095744034172111,"amenity_ENC":0.15975769854262928,"amenity_MdA":0.10687824637766132,"amenity_StA":0.15835386445678756,"amenity_WSC":0.12218392275802523,"MC2":0.0023906151351832934,"amenity_ESC":0.0893386272231875,"eta":0.8278950600055577,"MC0":2.88401976514722,"xi1":-0.009999302197471435,"MC4":0.6625542655171966,"omega2":4.810223522138267,"amenity_WNC":0.08527041887651389,"xi2":0.004052247326835816,"MC1":0.006949471753986131,"amenity_NwE":0.06274496468465417,"MC3":0.08895071623554432,"taudist":0.25111098980867863},"CI":{"amenity_Pcf":[0.1618182691425807,0.2050539385387387],"amenity_Mnt":[0.08446574820694207,0.10893451733738382],"amenity_ENC":[0.1336385681335919,0.16795790050018425],"amenity_MdA":[0.10030795727462292,0.11666625939710965],"amenity_StA":[0.14372145718687868,0.18237570357366917],"amenity_WSC":[0.0958631660091066,0.1393252591756238],"MC2":[0.0011305276577191123,0.0034371802304241465],"amenity_ESC":[0.07652527262474614,0.09294259022855075],"eta":[0.4048364254416016,1.2168042042774374],"MC0":[2.6168546585497903,3.682082579107695],"xi1":[-0.010761112404467553,-0.008462512535839038],"MC4":[0.31882688807158754,0.8851860212901506],"omega2":[4.330268017780741,5.532543710375088],"amenity_WNC":[0.07539238721495842,0.08980066890453077],"xi2":[0.0014654281401275846,0.00723892924377588],"MC1":[0.0008682998757037877,0.017794405992565914],"amenity_NwE":[0.051359952311810585,0.06564414369986443],"MC3":[0.011252852478683633,0.23747599293705343],"taudist":[0.0638351543607523,0.48719189101404564]}}