{"low_type":{"rent":76.62666613960376,"high_type":{"rent":27616.819323305477,"own":28832.639002409112},"own":393.9664175078074}}