{"Pcf":{"all":-0.556586741649261,"d_total_out_y":2.5553199740546346,"d_rent_out_y":2.9334539437714304,"d_in_rent_y":-2.175329656986004,"d_in_buy_y":-2.7798941798941805,"d_own_out_y":0.9968385014824643,"d_total_in_y":-2.6698093998403607},"StA":{"all":-0.46795587258993826,"d_total_out_y":2.0190344023034776,"d_rent_out_y":2.19729708359717,"d_in_rent_y":-3.01545289886182,"d_in_buy_y":-2.139475158484447,"d_own_out_y":1.2145872445408052,"d_total_in_y":-3.6359926696650096},"Mnt":{"all":-0.6108275514331847,"d_total_out_y":1.3989317397994894,"d_rent_out_y":1.4838878405346079,"d_in_rent_y":-2.565933587502397,"d_in_buy_y":-2.1013102366043546,"d_own_out_y":1.1997863247863252,"d_total_in_y":-3.1816598106041756},"ENC":{"all":-0.4545232953608543,"d_total_out_y":2.261202432832116,"d_rent_out_y":2.8866441328712527,"d_in_rent_y":-3.14500346270543,"d_in_buy_y":-2.037404647275264,"d_own_out_y":1.0167013293611764,"d_total_in_y":-3.8475574994544783},"WSC":{"all":-0.4722595537273397,"d_total_out_y":1.1292589793614958,"d_rent_out_y":1.0940677889760415,"d_in_rent_y":-3.537798907012243,"d_in_buy_y":-1.7528290470670895,"d_own_out_y":1.2322624371385984,"d_total_in_y":-4.546239076731549},"MdA":{"all":-0.2956240880715345,"d_total_out_y":0.7550340374045976,"d_rent_out_y":0.7878218489877882,"d_in_rent_y":-2.089141014762612,"d_in_buy_y":-1.913540163540164,"d_own_out_y":0.7382549511032485,"d_total_in_y":-2.585403577735702},"WNC":{"all":-0.7244591386657369,"d_total_out_y":0.8150539566832792,"d_rent_out_y":1.076922593945424,"d_in_rent_y":-2.867579790881942,"d_in_buy_y":-1.944370608560496,"d_own_out_y":0.08055589634537001,"d_total_in_y":-3.287376065599558},"ESC":{"all":-0.3509606390487445,"d_total_out_y":0.5371233243728937,"d_rent_out_y":0.6247188417745153,"d_in_rent_y":-1.8038910731050133,"d_in_buy_y":-2.278978428978429,"d_own_out_y":0.4650553150553153,"d_total_in_y":-2.3907177617355964},"NwE":{"all":-0.49173167213464414,"d_total_out_y":0.5042847051126268,"d_rent_out_y":0.7384490339871638,"d_in_rent_y":-1.9142366439550933,"d_in_buy_y":-2.277777777777778,"d_own_out_y":-1.3949975949975955,"d_total_in_y":-2.0676101521673114}}