{"Pcf":[{"region":6,"data":{"p":{"own":6.090436892380395},"y":{"own":6.077993367206625}}}],"StA":[{"region":7,"data":{"p":{"own":7.665122806866074},"y":{"own":5.3158717927027865}}}],"Mnt":[{"region":4,"data":{"p":{"own":7.697870182221627},"y":{"own":7.393470709200414}}}],"ENC":[{"region":1,"data":{"p":{"own":5.881357258271897},"y":{"own":4.434508146666056}}}],"WSC":[{"region":9,"data":{"p":{"own":2.5242392188997025},"y":{"own":2.8918766217184144}}}],"MdA":[{"region":3,"data":{"p":{"own":8.481704461630336},"y":{"own":5.161507367654757}}}],"WNC":[{"region":8,"data":{"p":{"own":12.828066474371532},"y":{"own":9.928106875303493}}}],"ESC":[{"region":2,"data":{"p":{"own":6.6533285182862585},"y":{"own":5.519459290255847}}}],"NwE":[{"region":5,"data":{"p":{"own":5.622430825555294},"y":{"own":6.204086354320305}}}]}