{"7":[{"region":7,"data":{"p":{"own_move":29.99801679115944,"own":7.6656729490877895},"y":{"own_move":13.48577866031662,"own":5.315896524859683}}}],"4":[{"region":4,"data":{"p":{"own_move":11.458980337503153,"own":7.697870182221763},"y":{"own_move":11.458980337503153,"own":7.39347070920049}}}],"9":[{"region":9,"data":{"p":{"own_move":11.458980337503153,"own":2.5242392188995106},"y":{"own_move":11.458980337503153,"own":2.8918766217183265}}}],"2":[{"region":2,"data":{"p":{"own_move":29.99801679115944,"own":6.653328518286201},"y":{"own_move":29.99801679115944,"own":5.519459290255855}}}],"3":[{"region":3,"data":{"p":{"own_move":11.458980337503153,"own":8.481688080724236},"y":{"own_move":11.458980337503153,"own":5.161507367654857}}}],"5":[{"region":5,"data":{"p":{"own_move":11.458980337503153,"own":5.622430825555314},"y":{"own_move":11.458980337503153,"own":6.2040863543202835}}}],"8":[{"region":8,"data":{"p":{"own_move":0.0019832088405568812,"own":12.827861128214039},"y":{"own_move":0.0019832088405568812,"own":9.928106875303557}}}],"6":[{"region":6,"data":{"p":{"own_move":11.458980337503153,"own":6.090436892380414},"y":{"own_move":11.458980337503153,"own":6.077993367206701}}}],"1":[{"region":1,"data":{"p":{"own_move":0.0019832088405568812,"own":5.881177728892644},"y":{"own_move":0.0019832088405568812,"own":4.434812719622351}}}]}