{
    "Pcf": [
        {
            "region": 6,
            "data": {
                "it2": {
                    "p": {
                        "iz2": {
                            "a_0": -245.28526176786437,
                            "comp": 25.220020316033896,
                            "mini": 5.005338266544062e-16
                        },
                        "iz4": {
                            "a_0": -258.4029914133886,
                            "comp": 25.63620710365341,
                            "mini": 8.481856800339298e-21
                        },
                        "iz1": {
                            "a_0": -220.9214292644208,
                            "comp": 28.910893728493132,
                            "mini": 0.07254047203628898
                        },
                        "iz3": {
                            "a_0": -254.5573995173872,
                            "comp": 25.552568957702924,
                            "mini": 2.755691868087366e-20
                        }
                    },
                    "y": {
                        "iz2": {
                            "a_0": -245.28526176786437,
                            "comp": 0.9734628403623236,
                            "mini": 1.8777582288952527e-15
                        },
                        "iz4": {
                            "a_0": -258.4029914133886,
                            "comp": 0.3578237792898557,
                            "mini": 1.3354518491019612e-19
                        },
                        "iz1": {
                            "a_0": -220.9214292644208,
                            "comp": -9.919354882055684,
                            "mini": 0.4430094269481315
                        },
                        "iz3": {
                            "a_0": -254.5573995173872,
                            "comp": 0.41416002149515824,
                            "mini": 6.39143478134376e-19
                        }
                    }
                }
            }
        }
    ],
    "StA": [
        {
            "region": 7,
            "data": {
                "it2": {
                    "p": {
                        "iz2": {
                            "a_0": -176.27000338748206,
                            "comp": 22.993589877708953,
                            "mini": 2.2336434942927427e-06
                        },
                        "iz4": {
                            "a_0": -205.95201182961011,
                            "comp": 20.560777573511754,
                            "mini": 2.955594902038343e-17
                        },
                        "iz1": {
                            "a_0": -176.78835890468346,
                            "comp": 28.16739533947092,
                            "mini": 3.2086459403858545e-21
                        },
                        "iz3": {
                            "a_0": -197.91929279208958,
                            "comp": 20.37843952210591,
                            "mini": 3.197725268536287e-20
                        }
                    },
                    "y": {
                        "iz2": {
                            "a_0": -176.27000338748206,
                            "comp": -7.219258388597711,
                            "mini": 6.940240335200559e-19
                        },
                        "iz4": {
                            "a_0": -205.95201182961011,
                            "comp": 0.5487903799631445,
                            "mini": 3.3365039985296514e-20
                        },
                        "iz1": {
                            "a_0": -176.78835890468346,
                            "comp": -9.919354882055684,
                            "mini": 0.07371230060626952
                        },
                        "iz3": {
                            "a_0": -197.91929279208958,
                            "comp": 1.0380119704082802,
                            "mini": 2.2936365741251964e-17
                        }
                    }
                }
            }
        }
    ],
    "Mnt": [
        {
            "region": 4,
            "data": {
                "it2": {
                    "p": {
                        "iz2": {
                            "a_0": -176.1367500769506,
                            "comp": 20.749961485329766,
                            "mini": 1.582992898133535e-18
                        },
                        "iz4": {
                            "a_0": -191.04388570684586,
                            "comp": 19.16948210032846,
                            "mini": 4.0045814209428345e-18
                        },
                        "iz1": {
                            "a_0": -176.40433222219804,
                            "comp": 23.444959841622975,
                            "mini": 1.3897352659974456e-20
                        },
                        "iz3": {
                            "a_0": -176.05546335000955,
                            "comp": 19.304883779646012,
                            "mini": 2.0511613641510754e-05
                        }
                    },
                    "y": {
                        "iz2": {
                            "a_0": -176.1367500769506,
                            "comp": -4.3079654549399615,
                            "mini": 9.617850249137991e-20
                        },
                        "iz4": {
                            "a_0": -191.04388570684586,
                            "comp": 1.0689093349972203,
                            "mini": 1.3317931586085674e-19
                        },
                        "iz1": {
                            "a_0": -176.40433222219804,
                            "comp": -7.853382765391395,
                            "mini": 1.7516486607028958e-16
                        },
                        "iz3": {
                            "a_0": -176.05546335000955,
                            "comp": -3.3687253330813864,
                            "mini": 1.0032001639655598e-22
                        }
                    }
                }
            }
        }
    ],
    "ENC": [
        {
            "region": 1,
            "data": {
                "it2": {
                    "p": {
                        "iz2": {
                            "a_0": -138.07902242520316,
                            "comp": 15.671316078336266,
                            "mini": 1.1652602208094054e-07
                        },
                        "iz4": {
                            "a_0": -164.30081559461334,
                            "comp": 16.409460840071464,
                            "mini": 5.217425325112638e-18
                        },
                        "iz1": {
                            "a_0": -132.54362673126363,
                            "comp": 19.157699118507765,
                            "mini": 6.677608184020481e-19
                        },
                        "iz3": {
                            "a_0": -159.41588634934416,
                            "comp": 16.564734231705145,
                            "mini": 5.379760850228293e-17
                        }
                    },
                    "y": {
                        "iz2": {
                            "a_0": -138.07902242520316,
                            "comp": 1.882916428784396,
                            "mini": 0.0005547400442087199
                        },
                        "iz4": {
                            "a_0": -164.30081559461334,
                            "comp": 0.0931148543878986,
                            "mini": 4.2251508026546876e-19
                        },
                        "iz1": {
                            "a_0": -132.54362673126363,
                            "comp": -9.16759860246498,