{"1":[{"region":1,"data":{"10":{"4":{"a_0":-168.95672867582863,"comp":7.442028280363154},"2":{"a_0":-163.04955974099383,"comp":5.568871993701315},"3":{"a_0":-166.7468869656717,"comp":6.9984776249548695},"1":{"a_0":-132.45389489466916,"comp":2.5004483611132677}},"2":{"4":{"a_0":-164.30081559461334,"comp":8.014106576159456},"2":{"a_0":-138.07902242520316,"comp":2.5350328363593033},"3":{"a_0":-159.41588634934416,"comp":6.359741560407166},"1":{"a_0":-132.54362673126363,"comp":2.609357483532201}}}}]}