{"7":[{"region":7,"data":{"10":{"4":{"p":{"a_0":-210.6182375076066,"comp":4.533388114736633},"y":{"a_0":-210.6182375076066,"comp":81.1080041211088}},"2":{"p":{"a_0":-200.1332408621135,"comp":16.99757130353138},"y":{"a_0":-200.1332408621135,"comp":39.38106524979322}},"3":{"p":{"a_0":-208.55839816457095,"comp":10.88734506973825},"y":{"a_0":-208.55839816457095,"comp":58.656609348014285}},"1":{"p":{"a_0":-176.44509329450565,"comp":11.264693305915259},"y":{"a_0":-176.44509329450565,"comp":6.127451958644906}}},"2":{"4":{"p":{"a_0":-205.95201182961011,"comp":13.39969776770379},"y":{"a_0":-205.95201182961011,"comp":86.59216706981381}},"2":{"p":{"a_0":-176.27000338748206,"comp":10.769190707061533},"y":{"a_0":-176.27000338748206,"comp":12.621245982786121}},"3":{"p":{"a_0":-197.91929279208958,"comp":17.313264229894415},"y":{"a_0":-197.91929279208958,"comp":55.968125511656964}},"1":{"p":{"a_0":-176.78835890468346,"comp":11.972068600709955},"y":{"a_0":-176.78835890468346,"comp":11.132036633972412}}}}}],"4":[{"region":4,"data":{"10":{"4":{"p":{"a_0":-197.5041273432678,"comp":7.997732749744919},"y":{"a_0":-197.5041273432678,"comp":94.07426553384663}},"2":{"p":{"a_0":-176.10120230457713,"comp":5.617569524725121},"y":{"a_0":-176.10120230457713,"comp":26.919272674433163}},"3":{"p":{"a_0":-193.03092682359116,"comp":12.938114082998109},"y":{"a_0":-193.03092682359116,"comp":59.28065554303223}},"1":{"p":{"a_0":-176.23078395219383,"comp":8.834290177653113},"y":{"a_0":-176.23078395219383,"comp":17.418255076582586}}},"2":{"4":{"p":{"a_0":-191.04388570684586,"comp":14.162370165836219},"y":{"a_0":-191.04388570684586,"comp":93.38066229226057}},"2":{"p":{"a_0":-176.1367500769506,"comp":10.257828171187906},"y":{"a_0":-176.1367500769506,"comp":28.95437665936062}},"3":{"p":{"a_0":-176.05546335000955,"comp":10.348198604134769},"y":{"a_0":-176.05546335000955,"comp":49.8857531949237}},"1":{"p":{"a_0":-176.40433222219804,"comp":10.05987531407209},"y":{"a_0":-176.40433222219804,"comp":22.67472476171433}}}}}],"9":[{"region":9,"data":{"10":{"4":{"p":{"a_0":-146.57462461772008,"comp":7.941684330855387},"y":{"a_0":-146.57462461772008,"comp":82.2476882509801}},"2":{"p":{"a_0":-132.1194374816037,"comp":7.267491058319923},"y":{"a_0":-132.1194374816037,"comp":20.655475284891725}},"3":{"p":{"a_0":-137.63288545774947,"comp":12.879826221937378},"y":{"a_0":-137.63288545774947,"comp":40.790017121042226}},"1":{"p":{"a_0":-132.19178212986102,"comp":4.185670263749074},"y":{"a_0":-132.19178212986102,"comp":22.75452750009703}}},"2":{"4":{"p":{"a_0":-137.39131808532187,"comp":11.12509223404496},"y":{"a_0":-137.39131808532187,"comp":78.87486162746153}},"2":{"p":{"a_0":-132.11746232491,"comp":6.750353770013862},"y":{"a_0":-132.11746232491,"comp":25.149546499344883}},"3":{"p":{"a_0":-132.04372606856762,"comp":7.010431070474625},"y":{"a_0":-132.04372606856762,"comp":41.63264745525425}},"1":{"p":{"a_0":-132.41752337067496,"comp":5.922230600808115},"y":{"a_0":-132.41752337067496,"comp":21.850839572075742}}}}}],"2":[{"region":2,"data":{"10":{"4":{"p":{"a_0":-150.5993145518946,"comp":8.75734984066484},"y":{"a_0":-150.5993145518946,"comp":94.60665637826077}},"2":{"p":{"a_0":-132.10917100850457,"comp":6.920792226507056},"y":{"a_0":-132.10917100850457,"comp":26.693415390294096}},"3":{"p":{"a_0":-144.06649561663167,"comp":11.59269783147954},"y":{"a_0":-144.06649561663167,"comp":57.848400698192194}},"1":{"p":{"a_0":-132.23369216918374,"comp":7.962358004465642},"y":{"a_0":-132.23369216918374,"comp":17.034882561696328}}},"2":{"4":{"p":{"a_0":-140.73196159176345,"comp":13.394310747975627},"y":{"a_0":-140.73196159176345,"comp":76.60465803299489}},"2":{"p":{"a_0":-132.17158823589625,"comp":10.73234717709558},"y":{"a_0":-132.17158823589625,"comp":23.315220543744896}},"3":{"p":{"a_0":-132.07686350814996,"comp":10.943819042578044},"y":{"a_0":-132.07686350814996,"comp":42.62766318750217}},"1":{"p":{"a_0":-132.41858278113887,"comp":10.099601752892259},"y":{"a_0":-132.41858278113887,"comp":22.426679982036006}}}}}],"3":[{"region":3,"data":{"10":{"4":{"p":{"a_0":-200.39766975302015,"comp":9.27411025087206},"y":{"a_0":-200.39766975302015,"comp":91.31939084007914}},"2":{"p":{"a_0":-176.13532172397194,"comp":8.010727185977773},"y":{"a_0":-176.13532172397194,"comp":24.237323285719977}},"3":{"p":{"a_0":-195.88986024837874,"comp":13.790872948110925},"y":{"a_0":-195.88986024837874,"comp":58.804289267046116}},"1":{"p":{"a_0":-176.30856576822418,"comp":10.944492197208266},"y":{"a_0":-176.30856576822418,"comp":14.786934063247775}}},"2":{"4":{"p":{"a_0":-193.19177609381055,"comp":15.625897612953148},"y":{"a_0":-193.19177609381055,"comp":86.67009097987273}},"2":{"p":{"a_0":-176.2023024812136,"comp":12.273110911759893},"y":{"a_0":-176.2023024812136,"comp":20.517658899570556}},"3":{"p":{"a_0":-176.0817745244707,"comp":12.156358113726228},"y":{"a_0":-176.0817745244707,"comp":42.274897521754504}},"1":{"p":{"a_0":-176.66766623616243,"comp":11.9150352585635},"y":{"a_0":-176.66766623616243,"comp":20.166432466479645}}}}}],"5":[{"region":5,"data":{"10":{"4":{"p":{"a_0":-235.54806469813275,"comp":14.268002252009284},"y":{"a_0":-235.54806469813275,"comp":99.9999951534512}},"2":{"p":{"a_0":-220.05648156164233,"comp":14.128482288589428},"y":{"a_0":-220.05648156164233,"comp":38.001937349727164}},"3":{"p":{"a_0":-230.26200021164695,"comp":18.07226616781478},"y":{"a_0":-230.26200021164695,"comp":69.7501214665768}},"1":{"p":{"a_0":-220.1397996790153,"comp":15.608895033347093},"y":{"a_0":-220.1397996790153,"comp":22.55187671122352}}},"2":{"4":{"p":{"a_0":-231.90395611070355,"comp":19.515055275302583},"y":{"a_0":-231.90395611070355,"comp":99.9999951534512}},"2":{"p":{"a_0":-220.07387980368566,"comp":17.420369452679022},"y":{"a_0":-220.07387980368566,"comp":38.839384740298364}},"3":{"p":{"a_0":-220.02547618433158,"comp":17.947481872122818},"y":{"a_0":-220.02547618433158,"comp":58.72253672242054}},"1":{"p":{"a_0":-220.2126112083544,"comp":16.388620882252894},"y":{"a_0":-220.2126112083544,"comp":25.14134560113983}}}}}],"8":[{"region":8,"data":{"10":{"4":{"p":{"a_0":-155.55035004793862,"comp":7.023701060634828},"y":{"a_0":-155.55035004793862,"comp":99.9999951534512}},"2":{"p":{"a_0":-139.2788724741262,"comp":14.151604246557515},"y":{"a_0":-139.2788724741262,"comp":31.370236521590332}},"3":{"p":{"a_0":-151.97279894357794,"comp":9.475083863990736},"y":{"a_0":-151.97279894357794,"comp":63.37457864424514}},"1":{"p":{"a_0":-132.23017707461344,"comp":3.5531794865183493},"y":{"a_0":-132.23017707461344,"comp":14.842967056250865}}},"2":{"4":{"p":{"a_0":-148.38361201615947,"comp":12.143736664921114},"y":{"a_0":-148.38361201615947,"comp":88.50507523763827}},"2":{"p":{"a_0":-132.16186354317705,"comp":8.105494774845189},"y":{"a_0":-132.16186354317705,"comp":24.710251974696202}},"3":{"p":{"a_0":-133.84384375779618,"comp":14.650345579127318},"y":{"a_0":-133.84384375779618,"comp":46.7156626082079}},"1":{"p":{"a_0":-132.39289535014825,"comp":6.7662006360383},"y":{"a_0":-132.39289535014825,"comp":18.90314303688403}}}}}],"6":[{"region":6,"data":{"10":{"4":{"p":{"a_0":-260.1565127244529,"comp":4.878590635219543},"y":{"a_0":-260.1565127244529,"comp":90.66180531492707}},"2":{"p":{"a_0":-256.3351013295619,"comp":18.3687789023741},"y":{"a_0":-256.3351013295619,"comp":49.87851761307002}},"3":{"p":{"a_0":-258.8552046719685,"comp":11.040838659384846},"y":{"a_0":-258.8552046719685,"comp":68.13958220488186}},"1":{"p":{"a_0":-245.90673165228534,"comp":23.827304655485964},"y":{"a_0":-245.90673165228534,"comp":25.760473147271632}}},"2":{"4":{"p":{"a_0":-258.4029914133886,"comp":15.26094995496239},"y":{"a_0":-258.4029914133886,"comp":96.99776410313365}},"2":{"p":{"a_0":-245.28526176786437,"comp":23.56335826373133},"y":{"a_0":-245.28526176786437,"comp":36.256871282762795}},"3":{"p":{"a_0":-254.5573995173872,"comp":19.823097693463783},"y":{"a_0":-254.5573995173872,"comp":67.61532271978355}},"1":{"p":{"a_0":-220.9214292644208,"comp":16.006851365821277},"y":{"a_0":-220.9214292644208,