{"7":[{"region":7,"data":{"10":{"4":{"p":{"a_0":-210.6182375076066,"a_0m":-128.14478926749672,"comp":23.606797749978966,"compm":23.606797749978966}},"2":{"p":{"a_0":-200.1332408621135,"a_0m":-185.5037805522871,"comp":23.606797749978966,"compm":23.606797749978966}},"3":{"p":{"a_0":-208.55839816457095,"a_0m":-169.94223590674815,"comp":20.963030483937466,"compm":23.606797749978966}},"1":{"p":{"a_0":-176.44509329450565,"a_0m":-176.22992134498742,"comp":23.606797749978966,"compm":14.589803375031545}}},"2":{"4":{"p":{"a_0":-205.95201182961011,"a_0m":-157.9850226967664,"comp":23.606797749978966,"compm":23.606797749978966}},"2":{"p":{"a_0":-176.27000338748206,"a_0m":-176.11481002690036,"comp":14.589803375031545,"compm":14.589803375031545}},"3":{"p":{"a_0":-197.91929279208958,"a_0m":-179.2866655547816,"comp":23.606797749978966,"compm":23.606797749978966}},"1":{"p":{"a_0":-176.78835890468346,"a_0m":-176.4220587198332,"comp":23.606797749978966,"compm":23.606797749978966}}}}}],"4":[{"region":4,"data":{"10":{"4":{"p":{"a_0":-197.5041273432678,"a_0m":-117.80544864665107,"comp":19.561705774099376,"compm":16.004462351482942}},"2":{"p":{"a_0":-176.10120230457713,"a_0m":-175.97641582369133,"comp":14.589803375031545,"compm":23.606797749978966}},"3":{"p":{"a_0":-193.03092682359116,"a_0m":-160.29704710051982,"comp":23.606797749978966,"compm":23.606797749978966}},"1":{"p":{"a_0":-176.23078395219383,"a_0m":-176.11313867666874,"comp":23.606797749978966,"compm":23.606797749978966}}},"2":{"4":{"p":{"a_0":-191.04388570684586,"a_0m":-140.98807861784962,"comp":23.606797749978966,"compm":17.919224609108774}},"2":{"p":{"a_0":-176.1367500769506,"a_0m":-176.03273487083618,"comp":23.606797749978966,"compm":23.606797749978966}},"3":{"p":{"a_0":-176.05546335000955,"a_0m":-169.28707856487992,"comp":14.589803375031545,"compm":17.49920045268526}},"1":{"p":{"a_0":-176.40433222219804,"a_0m":-176.4533795321798,"comp":23.606797749978966,"compm":23.606797749978966}}}}}],"9":[{"region":9,"data":{"10":{"4":{"p":{"a_0":-146.57462461772008,"a_0m":-68.05435430825823,"comp":10.365252162919502,"compm":11.446945457299602}},"2":{"p":{"a_0":-132.1194374816037,"a_0m":-128.06750546590456,"comp":14.589803375031545,"compm":9.96593875703354}},"3":{"p":{"a_0":-137.63288545774947,"a_0m":-106.8564813049269,"comp":14.589803375031545,"compm":10.413703421953343}},"1":{"p":{"a_0":-132.19178212986102,"a_0m":-132.06364619631677,"comp":14.589803375031545,"compm":18.74915770336402}}},"2":{"4":{"p":{"a_0":-137.39131808532187,"a_0m":-95.17984760874633,"comp":14.589803375031545,"compm":13.39071510053738}},"2":{"p":{"a_0":-132.11746232491,"a_0m":-132.01160886575275,"comp":14.589803375031545,"compm":14.589803375031545}},"3":{"p":{"a_0":-132.04372606856762,"a_0m":-121.04740306994431,"comp":14.589803375031545,"compm":11.946674580208885}},"1":{"p":{"a_0":-132.41752337067496,"a_0m":-132.47717930426208,"comp":23.606797749978966,"compm":23.606797749978966}}}}}],"2":[{"region":2,"data":{"10":{"4":{"p":{"a_0":-150.5993145518946,"a_0m":-85.34107989113463,"comp":9.902460064410754,"compm":10.436872138969196}},"2":{"p":{"a_0":-132.10917100850457,"a_0m":-131.98627953924523,"comp":14.589803375031545,"compm":6.784356766558602}},"3":{"p":{"a_0":-144.06649561663167,"a_0m":-116.48330349048601,"comp":14.589803375031545,"compm":7.9372682786906825}},"1":{"p":{"a_0":-132.23369216918374,"a_0m":-132.15056448207534,"comp":14.589803375031545,"compm":14.589803375031545}}},"2":{"4":{"p":{"a_0":-140.73196159176345,"a_0m":-104.74560720006293,"comp":14.589803375031545,"compm":13.861342512404505}},"2":{"p":{"a_0":-132.17158823589625,"a_0m":-132.08698200063236,"comp":14.589803375031545,"compm":14.589803375031545}},"3":{"p":{"a_0":-132.07686350814996,"a_0m":-128.9833931414674,"comp":14.589803375031545,"compm":15.170213402091438}},"1":{"p":{"a_0":-132.41858278113887,"a_0m":-132.5153324314464,"comp":14.589803375031545,"compm":23.606797749978966}}}}}],"3":[{"region":3,"data":{"10":{"4":{"p":{"a_0":-200.39766975302015,"a_0m":-125.86138504027339,"comp":18.84557153507487,"compm":23.606797749978966}},"2":{"p":{"a_0":-176.13532172397194,"a_0m":-176.014334838779,"comp":14.589803375031545,"compm":23.606797749978966}},"3":{"p":{"a_0":-195.88986024837874,"a_0m":-164.34806774450638,"comp":23.606797749978966,"compm":23.606797749978966}},"1":{"p":{"a_0":-176.30856576822418,"a_0m":-176.18500913576563,"comp":23.606797749978966,"compm":23.606797749978966}}},"2":{"4":{"p":{"a_0":-193.19177609381055,"a_0m":-149.3115472649015,"comp":23.606797749978966,"compm":18.151550134798384}},"2":{"p":{"a_0":-176.2023024812136,"a_0m":-176.07655939258274,"comp":23.606797749978966,"compm":23.606797749978966}},"3":{"p":{"a_0":-176.0817745244707,"a_0m":-173.0059885325593,"comp":14.589803375031545,"compm":17.92599528106124}},"1":{"p":{"a_0":-176.66766623616243,"a_0m":-176.48890280202886,"comp":23.606797749978966,"compm":23.606797749978966}}}}}],"5":[{"region":5,"data":{"10":{"4":{"p":{"a_0":-235.54806469813275,"a_0m":-165.64959272943588,"comp":23.606797749978966,"compm":23.606797749978966}},"2":{"p":{"a_0":-220.05648156164233,"a_0m":-216.62923123594285,"comp":23.606797749978966,"compm":23.606797749978966}},"3":{"p":{"a_0":-230.26200021164695,"a_0m":-198.65009882492527,"comp":23.606797749978966,"compm":23.606797749978966}},"1":{"p":{"a_0":-220.1397996790153,"a_0m":-220.05205106228527,"comp":23.606797749978966,"compm":23.606797749978966}}},"2":{"4":{"p":{"a_0":-231.90395611070355,"a_0m":-185.11633564779328,"comp":23.606797749978966,"compm":23.606797749978966}},"2":{"p":{"a_0":-220.07387980368566,"a_0m":-219.9738895724974,"comp":23.606797749978966,"compm":23.606797749978966}},"3":{"p":{"a_0":-220.02547618433158,"a_0m":-205.83880825918934,"comp":14.589803375031545,"compm":23.606797749978966}},"1":{"p":{"a_0":-220.2126112083544,"a_0m":-220.17273021447207,"comp":23.606797749978966,"compm":23.606797749978966}}}}}],"8":[{"region":8,"data":{"10":{"4":{"p":{"a_0":-155.55035004793862,"a_0m":-91.01848379011552,"comp":14.339230805007633,"compm":15.483533213294786}},"2":{"p":{"a_0":-139.2788724741262,"a_0m":-134.70026552064567,"comp":14.589803375031545,"compm":23.606797749978966}},"3":{"p":{"a_0":-151.97279894357794,"a_0m":-125.73911743420271,"comp":23.606797749978966,"compm":12.194410515057676}},"1":{"p":{"a_0":-132.23017707461344,"a_0m":-132.1907820807019,"comp":14.589803375031545,"compm":14.589803375031545}}},"2":{"4":{"p":{"a_0":-148.38361201615947,"a_0m":-109.7981309259763,"comp":14.589803375031545,"compm":8.396978541529311}},"2":{"p":{"a_0":-132.16186354317705,"a_0m":-132.0588199761059,"comp":14.589803375031545,"compm":14.589803375031545}},"3":{"p":{"a_0":-133.84384375779618,"a_0m":-128.05058834618197,"comp":14.589803375031545,"compm":23.606797749978966}},"1":{"p":{"a_0":-132.39289535014825,"a_0m":-132.3635416005045,"comp":14.589803375031545,"compm":14.589803375031545}}}}}],"6":[{"region":6,"data":{"10":{"4":{"p":{"a_0":-260.1565127244529,"a_0m":-195.6625833362912,"comp":23.632613656186628,"compm":25.962620798101582}},"2":{"p":{"a_0":-256.3351013295619,"a_0m":-241.65071478837572,"comp":24.490567969603166,"compm":25.291121739828785}},"3":{"p":{"a_0":-258.8552046719685,"a_0m":-228.15578592307722,"comp":26.129390194931574,"compm":25.9253798786561}},"1":{"p":{"a_0":-245.90673165228534,"a_0m":-244.96595207428552,"comp":23.606797749978966,"compm":24.24232813762071}}},"2":{"4":{"p":{"a_0":-258.4029914133886,"a_0m":-213.74109897301008,"comp":25.197568535320855,"compm":25.296946590537654}},"2":{"p":{"a_0":-245.28526176786437,"a_0m":-239.10500412539238,"comp":23.606797749978966,"compm":23.606797749978966}},"3":{"p":{"a_0":-254.5573995173872,"a_0m":-231.3673235425151,"comp":23.606797749978966,"compm":24.15698495777483}},"1":{"p":{"a_0":-220.9214292644208,"a_0m":-220.6774527014499,"comp":23.606797749978966,"compm":23.606797749978966}}}}}],"1":[{"region":1,"data":{"10":{"4":{"p":{"a_0":-168.95672867582863,"a_0m":-98.00046277007243,"comp":23.606797749978966,"compm":15.586828042361462}},