{"m_y":{"reg_2":-0.024175866248351423,"reg_9":-0.04372210366812016,"reg_4":0.001216480747923635,"reg_3":0.03582358680704341,"reg_5":0.05549351909825088,"reg_7":0.003365423456061396,"reg_6":0.07112786188133345,"reg_1":-0.014344369143848318,"reg_8":0.020119426771075713},"m_h":{"reg_2":-0.01624959376015186,"reg_9":0.3054923626909358,"reg_4":0.1429964250893787,"reg_3":0.016249593760171113,"reg_5":0.07799805004875203,"reg_7":0.5167370815729677,"reg_6":0.022749431264224157,"reg_1":0.33474163145921304,"reg_8":-0.2112447188820127},"m_p":{"reg_2":-0.13173483193604046,"reg_9":-0.34643533246873803,"reg_4":-0.29516580403513404,"reg_3":-0.3391383391433773,"reg_5":-0.1961483916289206,"reg_7":-0.5889984987418367,"reg_6":-0.2979685625623855,"reg_1":-0.5713049798810264,"reg_8":-0.31122482314434163},"m_v":{"reg_2":0.0269478686875197,"reg_9":0.07925632740456333,"reg_4":0.0985295900814307,"reg_3":0.16748624962345332,"reg_5":0.10041110176323609,"reg_7":0.4748480005449736,"reg_6":0.35592327228568604,"reg_1":0.3217919134281359,"reg_8":0.12998994903426958},"m_a":{"reg_2":0.09348861256090484,"reg_9":1.2470950591901038,"reg_4":-4.408538517899298,"reg_3":-2.714679151231804,"reg_5":-4.956758743669225,"reg_7":-9.410240107692188,"reg_6":-13.385706291927132,"reg_1":-1.4837021786897209,"reg_8":10.447412016967103},"scenario":"ps=0.95, qs=1.0","s_q":{"reg_2":-0.00540281808248822,"reg_9":-0.0072602089121080494,"reg_4":-0.010593918470850821,"reg_3":0.01613635711878153,"reg_5":0.013527547598824458,"reg_7":-0.0013775649265918835,"reg_6":0.010830547538580367,"reg_1":-0.002630041615246396,"reg_8":0.00034161385725623507},"s_y":{"reg_2":-0.004980700738087471,"reg_9":-0.00918507489424702,"reg_4":-0.0038234637409443497,"reg_3":0.0011042692792375326,"reg_5":0.00962423226459268,"reg_7":-0.004830733327569072,"reg_6":0.011786434881431142,"reg_1":9.74217998707136e-5,"reg_8":0.0035141083902692203},"m_w":{"reg_2":-0.1747287922986026,"reg_9":-0.2680031571241832,"reg_4":-0.28520518728704397,"reg_3":-0.37546852062543334,"reg_5":-0.11523527933904644,"reg_7":-0.4940848340882744,"reg_6":-0.2815209424207996,"reg_1":-0.5521298758751585,"reg_8":-0.3159534487911632},"d_value":{"reg_2":1.9978056547288676,"reg_9":0.4787377780194385,"reg_4":1.383363853933513,"reg_3":1.3968112134547566,"reg_5":1.5683629531295635,"reg_7":1.3669119296346781,"reg_6":1.9366465225317064,"reg_1":1.03712607226677,"reg_8":0.906913604285277},"s_p":{"reg_2":-0.04595727404524106,"reg_9":-0.1256447120271396,"reg_4":-0.1441320421948273,"reg_3":-0.193653449084706,"reg_5":-0.07681708541536657,"reg_7":-0.3967079744265549,"reg_6":-0.4580623186814491,"reg_1":-0.364828551322644,"reg_8":-0.1004222747663399},"d_cons":{"reg_2":0.48424255631441687,"reg_9":0.8432152214299677,"reg_4":0.5354994715574871,"reg_3":0.8801798178248075,"reg_5":0.33511166950752097,"reg_7":0.668483236364197,"reg_6":0.7249636267899594,"reg_1":0.6068328132787195,"reg_8":0.3543492249216549},"s_a":{"reg_2":0.057097394669656465,"reg_9":-0.25630596647218584,"reg_4":-1.2749980907769032,"reg_3":-0.7230922238125249,"reg_5":-0.5733585888728195,"reg_7":-0.7700469442782407,"reg_6":-3.2172131816892318,"reg_1":-0.7406792128424826,"reg_8":0.14483616193511145},"s_v":{"reg_2":0.012368865061406886,"reg_9":0.024590745111888197,"reg_4":0.040542848257291014,"reg_3":0.057341665816534305,"reg_5":0.027971110771611237,"reg_7":0.13935447819483401,"reg_6":0.14920169109883594,"reg_1":0.09374564236652924,"reg_8":0.03151850831864656},"m_u":{"reg_2":0.12446840668760728,"reg_9":0.5049058131289871,"reg_4":0.06360355815149824,"reg_3":0.19780928404564566,"reg_5":0.033573025647490456,"reg_7":0.7397160469214635,"reg_6":0.08652170755467344,"reg_1":0.6707892400043296,"reg_8":0.23421776843659708},"s_u":{"reg_2":-0.05381460961093775,"reg_9":-0.034994876915132915,"reg_4":0.043618245447564485,"reg_3":0.11965795174875848,"reg_5":-0.02863221834819333,"reg_7":-0.027157415387184247,"reg_6":0.004360299371880575,"reg_1":-0.039444904019914406,"reg_8":-0.12920351237778585},"s_h":{"reg_2":0.006261348694509231,"reg_9":0.07983219585498688,"reg_4":0.07983219585498688,"reg_3":0.06496149270551871,"reg_5":0.0532214639033168,"reg_7":0.11740028802203059,"reg_6":0.15731638594952405,"reg_1":0.11583495084840911,"reg_8":0.010957360215385323},"s_w":{"reg_2":-0.05478945228172846,"reg_9":-0.13316206667859004,"reg_4":-0.20888610191215584,"reg_3":-0.2500202740274469,"reg_5":-0.08146150313628352,"reg_7":-0.4342232379029229,"reg_6":-0.5243738896177306,"reg_1":-0.5138372059769927,"reg_8":-0.1207516835640764},"m_q":{"reg_2":-0.00540281808248822,"reg_9":-0.0072602089121080494,"reg_4":-0.010593918470850821,"reg_3":0.01613635711878153,"reg_5":0.013527547598824458,"reg_7":-0.0013775649265918835,"reg_6":0.010830547538580367,"reg_1":-0.002630041615246396,"reg_8":0.00034161385725623507}}