{"m_y":{"reg_2":0.0391808718458975,"reg_9":0.2249500784702771,"reg_4":0.32138679754925026,"reg_3":0.5220954185048924,"reg_5":0.49116176670507966,"reg_7":0.7065278507755094,"reg_6":0.9229104354965382,"reg_1":0.5967912999135173,"reg_8":0.4525379729591604},"m_h":{"reg_2":0.019499512512197635,"reg_9":0.4289892752681169,"reg_4":0.16249593760155712,"reg_3":0.15599610009750406,"reg_5":-0.0292492687682772,"reg_7":0.5264868378290666,"reg_6":-1.0887227819304441,"reg_1":0.7084822879428021,"reg_8":0.19499512512188008},"m_p":{"reg_2":-0.10536592825986173,"reg_9":-0.41070853925309053,"reg_4":-0.0016868984687072612,"reg_3":0.1729764256389552,"reg_5":0.36320195067974814,"reg_7":0.11692922325538763,"reg_6":1.5891321904347135,"reg_1":-0.5179345215452049,"reg_8":-0.2601198821503986},"m_v":{"reg_2":0.12255404905317381,"reg_9":0.4429747188582607,"reg_4":0.4078679570075714,"reg_3":0.5562205075316412,"reg_5":0.28189274954053367,"reg_7":1.331058059450376,"reg_6":1.0302821636794732,"reg_1":1.1145361793395736,"reg_8":0.498460567332241},"m_a":{"reg_2":1.8391827550956097,"reg_9":-2.191422143488841,"reg_4":-5.984942465775341,"reg_3":-12.918910817607602,"reg_5":-3.877905290986826,"reg_7":-30.605249976304087,"reg_6":7.003777036148967,"reg_1":-12.871240356200078,"reg_8":0.5490944556023066},"scenario":"ps=1.0, qs=1.05","s_q":{"reg_2":-0.023494108434727188,"reg_9":-0.03409445602278284,"reg_4":-0.0326494580708035,"reg_3":0.08392686548699588,"reg_5":0.04793350396867546,"reg_7":-0.018846052169876143,"reg_6":0.04729829198096583,"reg_1":-0.02007932858644576,"reg_8":-0.006242599088688749},"s_y":{"reg_2":0.010641689750445198,"reg_9":0.08931977684291384,"reg_4":0.13821977224893256,"reg_3":0.21786522294255942,"reg_5":0.12949228326173434,"reg_7":0.3640366378443932,"reg_6":0.4808134598752757,"reg_1":0.44014677397831714,"reg_8":0.1539972406398899},"m_w":{"reg_2":-0.07000107284672509,"reg_9":-0.12018185010524307,"reg_4":0.11574198365327334,"reg_3":0.12249456293678292,"reg_5":0.3738374037919046,"reg_7":0.07985279840578867,"reg_6":0.8173348634781564,"reg_1":-0.17400520610205422,"reg_8":-0.05522553649938784},"d_value":{"reg_2":6.219711875269634,"reg_9":4.3324117096049255,"reg_4":4.511118622080468,"reg_3":4.305076853936531,"reg_5":4.632579884282974,"reg_7":4.085386170370525,"reg_6":4.746769115565985,"reg_1":3.649479803954502,"reg_8":3.6317065661162626},"s_p":{"reg_2":-0.04024899595112547,"reg_9":-0.14814039262477954,"reg_4":-0.017741281627222796,"reg_3":0.032015305535341515,"reg_5":0.08280471808071084,"reg_7":0.016824830574187166,"reg_6":0.4483681789450235,"reg_1":-0.17415732808911782,"reg_8":-0.09520268190307254},"d_cons":{"reg_2":5.422876132268082,"reg_9":5.369278730369434,"reg_4":5.222306125638975,"reg_3":5.7801256230765885,"reg_5":5.065895454742482,"reg_7":5.663372140143626,"reg_6":5.847531262205237,"reg_1":5.455245890875819,"reg_8":5.243529493308504},"s_a":{"reg_2":0.07632958184247025,"reg_9":0.3786917717502039,"reg_4":-1.526867638278698,"reg_3":-2.106918990186339,"reg_5":-0.5281708979366813,"reg_7":-2.7725143345915373,"reg_6":-1.3956230840166526,"reg_1":-1.8120686271053004,"reg_8":0.05437783220256555},"s_v":{"reg_2":0.03547144316431463,"reg_9":0.1597567233682438,"reg_4":0.15391662077003543,"reg_3":0.20031135276609457,"reg_5":0.07393874154549862,"reg_7":0.5278174425844575,"reg_6":0.4632700417308517,"reg_1":0.5161649887944413,"reg_8":0.13857267589420677},"m_u":{"reg_2":0.6023155538817256,"reg_9":1.1649888781118023,"reg_4":0.9872592841182252,"reg_3":1.133797775176253,"reg_5":0.4188472350258429,"reg_7":2.1035617202901427,"reg_6":1.1550039618579588,"reg_1":1.3950197673563556,"reg_8":0.699811390107354},"s_u":{"reg_2":-0.17539169664334744,"reg_9":0.2709729487019983,"reg_4":0.19220268648244798,"reg_3":0.15176411012271201,"reg_5":0.013755571486019554,"reg_7":0.7012340284872393,"reg_6":0.028966110355263617,"reg_1":0.26000297536271405,"reg_8":-0.05710387987945579},"s_h":{"reg_2":0.011740028802201893,"reg_9":0.06417882411871378,"reg_4":0.06261348694508065,"reg_3":0.08609354454949611,"reg_5":-0.01956671467034427,"reg_7":0.12131363095610177,"reg_6":-0.14557635714733383,"reg_1":0.19018846659570335,"reg_8":0.0829628702022415},"s_w":{"reg_2":-0.022708761318846454,"reg_9":-0.09511433624032693,"reg_4":-0.01856692934420468,"reg_3":0.043803548363384175,"reg_5":0.06561408257801203,"reg_7":0.016430268875218354,"reg_6":0.3218856894113807,"reg_1":-0.12023630878267372,"reg_8":-0.024547687284672184},"m_q":{"reg_2":-0.023494108434727188,"reg_9":-0.03409445602278284,"reg_4":-0.0326494580708035,"reg_3":0.08392686548699588,"reg_5":0.04793350396867546,"reg_7":-0.018846052169876143,"reg_6":0.04729829198096583,"reg_1":-0.02007932858644576,"reg_8":-0.006242599088688749}}