{"m_y":{"reg_2":0.04295787022444518,"reg_9":-0.07354144221377716,"reg_4":-0.18121696407004592,"reg_3":-0.41047778380260996,"reg_5":-0.36382087568403654,"reg_7":-0.46185157043535,"reg_6":-0.6172523805789857,"reg_1":-0.37410606562826426,"reg_8":-0.3499097031108346},"m_h":{"reg_2":0.19499512512188008,"reg_9":-0.3639909002274902,"reg_4":-0.20799480012998617,"reg_3":-0.1332466688332799,"reg_5":-0.06174845628858092,"reg_7":-0.5719857003574764,"reg_6":1.3032174195645219,"reg_1":-0.9359766005849859,"reg_8":-0.41598960025999154},"m_p":{"reg_2":0.27933216253297416,"reg_9":0.762444954912228,"reg_4":0.3807685557131035,"reg_3":0.04579718148820592,"reg_5":-0.07364848281270073,"reg_7":0.5138075660669592,"reg_6":-0.9934728445721988,"reg_1":0.917825525774665,"reg_8":0.6698302712181444},"m_v":{"reg_2":-0.07156226268381367,"reg_9":-0.4160676367928841,"reg_4":-0.3373431630432683,"reg_3":-0.4958088889450445,"reg_5":-0.2833318362150204,"reg_7":-1.351557123845133,"reg_6":-0.9871803003433066,"reg_1":-1.154527696020266,"reg_8":-0.5075115264631036},"m_a":{"reg_2":-6.0378082353234275,"reg_9":-5.836539705513742,"reg_4":1.6915128697085704,"reg_3":10.287314023335952,"reg_5":7.6990125802673655,"reg_7":18.35431680721418,"reg_6":-16.625119959167932,"reg_1":14.677098041097858,"reg_8":-2.5174480182977264},"scenario":"ps=1.05, qs=0.95","s_q":{"reg_2":0.021848330175156996,"reg_9":0.03763808282417924,"reg_4":0.054914830523726595,"reg_3":-0.08826500080973365,"reg_5":-0.05410274394276488,"reg_7":0.032577010014645386,"reg_6":-0.06585695374404618,"reg_1":0.055360077025480334,"reg_8":0.020234808188683805},"s_y":{"reg_2":-0.011233365253364503,"reg_9":-0.0601157952342691,"reg_4":-0.09024635928335938,"reg_3":-0.1684537318714219,"reg_5":-0.1119994080786162,"reg_7":-0.2747445548913039,"reg_6":-0.4154474254137818,"reg_1":-0.35976409045351326,"reg_8":-0.12033084383013487},"m_w":{"reg_2":0.36314364760587875,"reg_9":0.5338122607358217,"reg_4":0.22708314729821827,"reg_3":0.13919138502487216,"reg_5":-0.1310918693208483,"reg_7":0.45417924361073614,"reg_6":0.011893162820904933,"reg_1":0.683981666146641,"reg_8":0.2932698188065798},"d_value":{"reg_2":-8.338050548045493,"reg_9":-5.6747183996893025,"reg_4":-6.860349002902266,"reg_3":-6.600926203957697,"reg_5":-7.316401290571473,"reg_7":-6.2526809320635355,"reg_6":-8.69852670011879,"reg_1":-5.143895246489914,"reg_8":-4.74877903615152},"s_p":{"reg_2":0.059530410599360976,"reg_9":0.21664848954430624,"reg_4":0.10220197402336272,"reg_3":0.12315432898294391,"reg_5":0.011394696026804391,"reg_7":0.3470209756530079,"reg_6":-0.11571239998416051,"reg_1":0.5598979317775634,"reg_8":0.20303480214808162},"d_cons":{"reg_2":-5.976846743497425,"reg_9":-6.299424216748285,"reg_4":-5.840245497612713,"reg_3":-5.775733559379768,"reg_5":-5.4186804847397205,"reg_7":-6.042656935318428,"reg_6":-5.55826856704714,"reg_1":-6.079859013919987,"reg_8":-5.962016195648525},"s_a":{"reg_2":0.0025910434234978803,"reg_9":-0.15454611704165244,"reg_4":-0.22324948654121954,"reg_3":2.3293641878127658,"reg_5":1.1191787664477493,"reg_7":3.6019969014851374,"reg_6":1.6944266074114873,"reg_1":1.8932006745198109,"reg_8":0.002397182641834035},"s_v":{"reg_2":-0.04374003595336884,"reg_9":-0.15455804033949053,"reg_4":-0.149550689036329,"reg_3":-0.2169918711197775,"reg_5":-0.0736350492072032,"reg_7":-0.6045311192638277,"reg_6":-0.5505011483041975,"reg_1":-0.615838349080172,"reg_8":-0.1631102816452106},"m_u":{"reg_2":-0.36378451369712017,"reg_9":-0.9257255619397784,"reg_4":0.5501311440190074,"reg_3":-0.9113734984062215,"reg_5":-1.0435252804071862,"reg_7":-0.716731756902326,"reg_6":-1.3264797222693014,"reg_1":-1.7073769761064457,"reg_8":-0.7222100739925442},"s_u":{"reg_2":-0.07942596654631548,"reg_9":-0.2509408181242013,"reg_4":-0.3397342577268034,"reg_3":-0.3464415526190074,"reg_5":-0.09212693609457807,"reg_7":-1.0881808888548052,"reg_6":-1.2577413253064595,"reg_1":-0.559976414981366,"reg_8":-0.23955097682997326},"s_h":{"reg_2":-0.01095736021539699,"reg_9":-0.09470289900445505,"reg_4":-0.04226410368794315,"reg_3":-0.149489700081405,"reg_5":-0.025828063364853496,"reg_7":-0.3216767891803972,"reg_6":0.12757497965061101,"reg_1":-0.3678542358023999,"reg_8":-0.1080082649802784},"s_w":{"reg_2":0.06820845868626364,"reg_9":0.17062019395068898,"reg_4":0.08889625431001555,"reg_3":0.10762379692675436,"reg_5":0.031485497318345934,"reg_7":0.3059026041255846,"reg_6":0.1294091900548135,"reg_1":0.554276178343839,"reg_8":0.17117277995854777},"m_q":{"reg_2":0.021848330175156996,"reg_9":0.03763808282417924,"reg_4":0.054914830523726595,"reg_3":-0.08826500080973365,"reg_5":-0.05410274394276488,"reg_7":0.032577010014645386,"reg_6":-0.06585695374404618,"reg_1":0.055360077025480334,"reg_8":0.020234808188683805}}