{"m_y":{"reg_2":-1.5597104281182375e-14,"reg_9":-1.5597104281182375e-14,"reg_4":-1.5597104281182375e-14,"reg_3":-1.5597104281182375e-14,"reg_5":-1.5597104281182375e-14,"reg_7":-1.5597104281182375e-14,"reg_6":-1.5597104281182375e-14,"reg_1":-1.5597104281182375e-14,"reg_8":-1.5597104281182375e-14},"m_h":{"reg_2":0.0,"reg_9":0.0,"reg_4":0.0,"reg_3":0.0,"reg_5":0.0,"reg_7":0.0,"reg_6":0.0,"reg_1":0.0,"reg_8":0.0},"m_p":{"reg_2":0.0,"reg_9":0.0,"reg_4":0.0,"reg_3":0.0,"reg_5":0.0,"reg_7":0.0,"reg_6":0.0,"reg_1":0.0,"reg_8":0.0},"m_v":{"reg_2":0.0,"reg_9":0.0,"reg_4":0.0,"reg_3":0.0,"reg_5":0.0,"reg_7":0.0,"reg_6":0.0,"reg_1":0.0,"reg_8":0.0},"m_a":{"reg_2":0.0,"reg_9":0.0,"reg_4":0.0,"reg_3":0.0,"reg_5":0.0,"reg_7":0.0,"reg_6":0.0,"reg_1":0.0,"reg_8":0.0},"scenario":"ps=1.0, qs=1.0","s_q":{"reg_2":-1.961730495363036e-14,"reg_9":-1.961730495363036e-14,"reg_4":-1.961730495363036e-14,"reg_3":-1.961730495363036e-14,"reg_5":-1.961730495363036e-14,"reg_7":-1.961730495363036e-14,"reg_6":-1.961730495363036e-14,"reg_1":-1.961730495363036e-14,"reg_8":-1.961730495363036e-14},"s_y":{"reg_2":0.0,"reg_9":0.0,"reg_4":0.0,"reg_3":0.0,"reg_5":0.0,"reg_7":0.0,"reg_6":0.0,"reg_1":0.0,"reg_8":0.0},"m_w":{"reg_2":1.1150343953721787e-14,"reg_9":1.1150343953721787e-14,"reg_4":1.1150343953721787e-14,"reg_3":1.1150343953721787e-14,"reg_5":1.1150343953721787e-14,"reg_7":1.1150343953721787e-14,"reg_6":1.1150343953721787e-14,"reg_1":1.1150343953721787e-14,"reg_8":1.1150343953721787e-14},"d_value":{"reg_2":0.0,"reg_9":0.0,"reg_4":0.0,"reg_3":0.0,"reg_5":0.0,"reg_7":-1.870169706244317e-14,"reg_6":0.0,"reg_1":1.961140571012655e-14,"reg_8":2.1263080390087108e-14},"s_p":{"reg_2":1.305061343512494e-14,"reg_9":1.305061343512494e-14,"reg_4":1.305061343512494e-14,"reg_3":1.305061343512494e-14,"reg_5":1.305061343512494e-14,"reg_7":1.305061343512494e-14,"reg_6":1.305061343512494e-14,"reg_1":1.305061343512494e-14,"reg_8":1.305061343512494e-14},"d_cons":{"reg_2":0.0,"reg_9":0.0,"reg_4":0.0,"reg_3":-1.5868637064290118e-14,"reg_5":0.0,"reg_7":1.6727448027217516e-14,"reg_6":0.0,"reg_1":0.0,"reg_8":0.0},"s_a":{"reg_2":0.0,"reg_9":0.0,"reg_4":0.0,"reg_3":0.0,"reg_5":0.0,"reg_7":0.0,"reg_6":0.0,"reg_1":0.0,"reg_8":0.0},"s_v":{"reg_2":0.0,"reg_9":0.0,"reg_4":0.0,"reg_3":0.0,"reg_5":0.0,"reg_7":0.0,"reg_6":0.0,"reg_1":0.0,"reg_8":0.0},"m_u":{"reg_2":0.0,"reg_9":0.0,"reg_4":0.0,"reg_3":0.0,"reg_5":0.0,"reg_7":0.0,"reg_6":0.0,"reg_1":0.0,"reg_8":0.0},"s_u":{"reg_2":0.0,"reg_9":0.0,"reg_4":0.0,"reg_3":0.0,"reg_5":0.0,"reg_7":0.0,"reg_6":0.0,"reg_1":0.0,"reg_8":0.0},"s_h":{"reg_2":0.0,"reg_9":0.0,"reg_4":0.0,"reg_3":0.0,"reg_5":0.0,"reg_7":0.0,"reg_6":0.0,"reg_1":0.0,"reg_8":0.0},"s_w":{"reg_2":0.0,"reg_9":0.0,"reg_4":0.0,"reg_3":0.0,"reg_5":0.0,"reg_7":0.0,"reg_6":0.0,"reg_1":0.0,"reg_8":0.0},"m_q":{"reg_2":-1.961730495363036e-14,"reg_9":-1.961730495363036e-14,"reg_4":-1.961730495363036e-14,"reg_3":-1.961730495363036e-14,"reg_5":-1.961730495363036e-14,"reg_7":-1.961730495363036e-14,"reg_6":-1.961730495363036e-14,"reg_1":-1.961730495363036e-14,"reg_8":-1.961730495363036e-14}}