{"s_inc":{"reg_2":-0.010681794780901253,"reg_9":-0.06458682826765703,"reg_4":-0.09521803286188545,"reg_3":-0.1696511228491869,"reg_5":-0.11301065000733118,"reg_7":-0.280446670616071,"reg_6":-0.409832445243527,"reg_1":-0.36553458074572703,"reg_8":-0.11705565010276028},"m_y":{"reg_2":0.104812567431855,"reg_9":0.12367119352117263,"reg_4":0.11379734407525761,"reg_3":-0.2281349695141458,"reg_5":-0.15141259472372878,"reg_7":0.036156218909468844,"reg_6":-0.08557068485482416,"reg_1":0.1000014149090709,"reg_8":0.03799332067761427},"m_h":{"reg_2":0.04224894377640254,"reg_9":-0.2014949626259331,"reg_4":-0.2112447188820127,"reg_3":-0.05524861878452787,"reg_5":0.0942476438089039,"reg_7":-0.217744556386085,"reg_6":1.2219694507637433,"reg_1":-0.43223919402014344,"reg_8":-0.2924926876828105},"m_inc":{"reg_2":-0.010681794780901253,"reg_9":-0.06458682826765703,"reg_4":-0.09521803286188545,"reg_3":-0.1696511228491869,"reg_5":-0.11301065000733118,"reg_7":-0.280446670616071,"reg_6":-0.409832445243527,"reg_1":-0.36553458074572703,"reg_8":-0.11705565010276028},"m_p":{"reg_2":0.17254191395078974,"reg_9":0.46490168065132187,"reg_4":0.12108542336696389,"reg_3":-0.19961604871352395,"reg_5":-0.24116457604597014,"reg_7":0.013607400588349023,"reg_6":-1.158983356633242,"reg_1":0.3937301569805192,"reg_8":0.367104775835677},"m_v":{"reg_2":-0.060183861218720124,"reg_9":-0.3575447278518214,"reg_4":-0.2649947612567055,"reg_3":-0.406433077362829,"reg_5":-0.21367753349769703,"reg_7":-1.0435345414301926,"reg_6":-0.769515743506967,"reg_1":-0.9387131935306032,"reg_8":-0.41837525316335167},"m_a":{"reg_2":-3.0947830531072382,"reg_9":-3.5426841419196706,"reg_4":4.432809169864352,"reg_3":7.329845387892566,"reg_5":0.7661623359629841,"reg_7":12.538098794652559,"reg_6":-27.879837190557687,"reg_1":6.813751159511498,"reg_8":-1.0991003529324832},"scenario":"ps1.0ys0.95","s_y":{"reg_2":0.020729567830394095,"reg_9":0.035586798094557164,"reg_4":0.0484171913296712,"reg_3":-0.0704347088777928,"reg_5":-0.04859591635100979,"reg_7":0.034455524334956696,"reg_6":-0.05084176840663695,"reg_1":0.05157019766612619,"reg_8":0.023746515797230375},"m_w":{"reg_2":0.20063990258578324,"reg_9":0.29639243432860757,"reg_4":-0.001829334284037495,"reg_3":-0.09421878002812045,"reg_5":-0.203776670072508,"reg_7":0.016957204855580655,"reg_6":-0.29855054856939484,"reg_1":0.15117889452496974,"reg_8":0.08712589332629589},"d_value":{"reg_2":-0.0656934501444818,"reg_9":-0.05280283751581101,"reg_4":-0.05252777298976929,"reg_3":-0.049295273766605155,"reg_5":-0.05375103753352299,"reg_7":-0.04514596855314284,"reg_6":-0.05496434460672033,"reg_1":-0.04005446325154242,"reg_8":-0.041500514489314175},"s_p":{"reg_2":0.03311468385173848,"reg_9":0.11587097513788724,"reg_4":-0.011356033758676323,"reg_3":-0.03328657418811374,"reg_5":-0.055961830023954766,"reg_7":0.018390532710635295,"reg_6":-0.48992352255158034,"reg_1":0.2184643845879945,"reg_8":0.12765377997944838},"d_cons":{"reg_2":-0.055121473944046796,"reg_9":-0.05406373821887741,"reg_4":-0.052350182348859776,"reg_3":-0.05509572491267104,"reg_5":-0.051214160833345304,"reg_7":-0.05645175847966726,"reg_6":-0.05304014215030399,"reg_1":-0.05552635754186944,"reg_8":-0.05445433804378969},"s_a":{"reg_2":0.11003804896842428,"reg_9":-0.3002642570757373,"reg_4":0.09148193578783856,"reg_3":1.6676384612373345,"reg_5":0.7468405103821021,"reg_7":2.8852792041801347,"reg_6":-1.3126363195251725,"reg_1":0.38919820501422925,"reg_8":-0.43559422339264087},"s_v":{"reg_2":-0.0349780860657863,"reg_9":-0.1429531280669452,"reg_4":-0.11825061398784412,"reg_3":-0.1800860446163811,"reg_5":-0.06587479781260115,"reg_7":-0.4988586570644461,"reg_6":-0.4508277766806178,"reg_1":-0.5276587841669658,"reg_8":-0.13736682508960957},"m_u":{"reg_2":-0.3400543026327975,"reg_9":-0.9115706069194981,"reg_4":0.6463042620787518,"reg_3":-0.7921435622917034,"reg_5":-0.5759506038936235,"reg_7":-0.35146698269918475,"reg_6":-0.35876232426198085,"reg_1":-1.5113804241377995,"reg_8":-0.6134860122720982},"s_u":{"reg_2":-0.09914878637056791,"reg_9":-0.18510095390089062,"reg_4":-0.2627225674233593,"reg_3":-0.26383411000865453,"reg_5":-0.046090380533174206,"reg_7":-0.9769512893227111,"reg_6":-1.0114457387531663,"reg_1":-0.4171663942555848,"reg_8":-0.14941236615839357},"s_h":{"reg_2":-0.014870703149468173,"reg_9":-0.043046772274748055,"reg_4":-0.021132051843977408,"reg_3":-0.08609354454949611,"reg_5":-0.02191472043078231,"reg_7":-0.18157911214075606,"reg_6":0.27941268549245407,"reg_1":-0.17610043203306341,"reg_8":-0.09157222465720044},"s_w":{"reg_2":0.034203640576035595,"reg_9":0.07039754366208445,"reg_4":-0.03948395111088009,"reg_3":-0.07771153500197897,"reg_5":-0.07096328191532196,"reg_7":-0.020776291561278457,"reg_6":-0.26808226565966226,"reg_1":0.10902564543921547,"reg_8":0.04180620484213181}}