{"m_y":{"reg_2":0.017146452546648247,"reg_9":0.19344197638458166,"reg_4":0.33923362991011835,"reg_3":0.5734529298091807,"reg_5":0.5572055527509482,"reg_7":0.735434560179281,"reg_6":1.0616088822065581,"reg_1":0.6034137961016819,"reg_8":0.49044766784323224},"m_h":{"reg_2":0.009749756256098818,"reg_9":0.9619759506012366,"reg_4":0.373740656483589,"reg_3":0.3899902502437409,"reg_5":0.15274618134547754,"reg_7":1.114722131946714,"reg_6":-1.0789730256743453,"reg_1":1.3292167695807726,"reg_8":0.33799155021125876},"m_p":{"reg_2":-0.26765441056942757,"reg_9":-0.7908116976049397,"reg_4":-0.30480431855647105,"reg_3":-0.2727785629608166,"reg_5":0.12489260951277828,"reg_7":-0.6376283326463615,"reg_6":1.2433402527550577,"reg_1":-1.1316214392625157,"reg_8":-0.642263442314222},"m_v":{"reg_2":0.1736711325130559,"reg_9":0.5712627225743937,"reg_4":0.5220965553327053,"reg_3":0.7651997960869055,"reg_5":0.41256181995879637,"reg_7":1.9024171167218873,"reg_6":1.54266629776012,"reg_1":1.46255665421555,"reg_8":0.6367593077759351},"m_a":{"reg_2":1.0813751236024116,"reg_9":-5.035826299580338,"reg_4":-12.228054699604982,"reg_3":-14.823705555838112,"reg_5":-12.397912640791771,"reg_7":-36.29684203607886,"reg_6":-5.94342747982015,"reg_1":-15.853016783126927,"reg_8":3.443156870512533},"scenario":"ps=0.95, qs=1.05","s_q":{"reg_2":-0.030138204042388657,"reg_9":-0.040485761645787,"reg_4":-0.03693397578185755,"reg_3":0.10772895358614695,"reg_5":0.06398614278951553,"reg_7":-0.026787119858616686,"reg_6":0.06671676253896915,"reg_1":-0.029842300360824057,"reg_8":-0.008002656323477826},"s_y":{"reg_2":0.003565748803261058,"reg_9":0.08486835717710964,"reg_4":0.1425707104530148,"reg_3":0.22888663403249415,"reg_5":0.1424998924499854,"reg_7":0.36350252703192515,"reg_6":0.5120952812600236,"reg_1":0.4370683267860469,"reg_8":0.16136068280783764},"m_w":{"reg_2":-0.2755224646570144,"reg_9":-0.41492981127480694,"reg_4":-0.19185268118183293,"reg_3":-0.1984859405085499,"reg_5":0.2713586454207883,"reg_7":-0.42353755624397976,"reg_6":0.5691579272645727,"reg_1":-0.6279403060761458,"reg_8":-0.3403184147937411},"d_value":{"reg_2":8.075173275034984,"reg_9":4.674600391211471,"reg_4":5.5449797494954725,"reg_3":5.7390781641406345,"reg_5":6.091921904373378,"reg_7":5.40142901556707,"reg_6":6.7107885355936485,"reg_1":4.4736097725667925,"reg_8":4.410845488741379},"s_p":{"reg_2":-0.09311745341776076,"reg_9":-0.27088230910066424,"reg_4":-0.1620955572265126,"reg_3":-0.16144657865132792,"reg_5":-0.011736207803283438,"reg_7":-0.43373925871592023,"reg_6":0.0030132907841096063,"reg_1":-0.5931138984265373,"reg_8":-0.2114754991678824},"d_cons":{"reg_2":5.991583708636782,"reg_9":6.050541489152763,"reg_4":5.889040936702615,"reg_3":6.37730620269268,"reg_5":5.594380072860442,"reg_7":6.270510166292415,"reg_6":6.443338920915581,"reg_1":6.051543663303105,"reg_8":5.6336446130424696},"s_a":{"reg_2":-0.18727022702359442,"reg_9":0.03881697451097057,"reg_4":-2.5098024437818727,"reg_3":-2.0064224055088005,"reg_5":-1.287837877042164,"reg_7":-2.3059233991551693,"reg_6":-4.276588158925649,"reg_1":-1.0067580801500065,"reg_8":0.3503643579333708},"s_v":{"reg_2":0.047800440391802895,"reg_9":0.1931036356820457,"reg_4":0.20129440374397023,"reg_3":0.2694990204313581,"reg_5":0.09961270937194568,"reg_7":0.6971640209936629,"reg_6":0.6326375487052736,"reg_1":0.6240440510580582,"reg_8":0.17699554755900887},"m_u":{"reg_2":0.9288535460409731,"reg_9":1.7389657997509491,"reg_4":1.1715592168224407,"reg_3":1.4404325910336273,"reg_5":1.002440336226404,"reg_7":2.218085922002964,"reg_6":2.488318468193763,"reg_1":2.8041806518186925,"reg_8":1.018875116306067},"s_u":{"reg_2":-0.20890503530997018,"reg_9":0.3048110150135802,"reg_4":0.2951961667632695,"reg_3":0.2623881891054142,"reg_5":0.01055643704662023,"reg_7":0.5909769283499536,"reg_6":0.21696096979507273,"reg_1":0.31202771095382914,"reg_8":-0.017686843217061744},"s_h":{"reg_2":0.01878404608351603,"reg_9":0.14635902573413873,"reg_4":0.13696700269237488,"reg_3":0.14635902573413873,"reg_5":0.0195667146703326,"reg_7":0.2520192849539791,"reg_6":0.010957360215385323,"reg_1":0.36237555569469554,"reg_8":0.09861624193851456},"s_w":{"reg_2":-0.10466862690363479,"reg_9":-0.23846314572469499,"reg_4":-0.2213534164174202,"reg_3":-0.1618639235629914,"reg_5":-0.06925172070828949,"reg_7":-0.39389547228122307,"reg_6":-0.1671840038315926,"reg_1":-0.5230792762096969,"reg_8":-0.15765703322614294},"m_q":{"reg_2":-0.030138204042388657,"reg_9":-0.040485761645787,"reg_4":-0.03693397578185755,"reg_3":0.10772895358614695,"reg_5":0.06398614278951553,"reg_7":-0.026787119858616686,"reg_6":0.06671676253896915,"reg_1":-0.029842300360824057,"reg_8":-0.008002656323477826}}