{"m_y":{"reg_2":0.060041158292641075,"reg_9":0.23780903362089914,"reg_4":0.31797195171975057,"reg_3":0.4838944735109064,"reg_5":0.4206018583108089,"reg_7":0.6705001687134297,"reg_6":0.7976090909890189,"reg_1":0.5945896809125913,"reg_8":0.429886281466718},"m_h":{"reg_2":0.10724731881702923,"reg_9":0.16899577510562938,"reg_4":0.08124796880077856,"reg_3":-0.19499512512186082,"reg_5":-0.2534936626584345,"reg_7":-0.1169970750731088,"reg_6":-0.880727981800458,"reg_1":0.2274943126421838,"reg_8":0.006499837504072296},"m_p":{"reg_2":0.056583159323731855,"reg_9":-0.09643813571948173,"reg_4":0.33560045846416275,"reg_3":0.5578546868227299,"reg_5":0.596740518654975,"reg_7":0.7563432837758465,"reg_6":1.8365925951253506,"reg_1":0.11179289872242076,"reg_8":0.09776130185292138},"m_v":{"reg_2":0.08676183362985461,"reg_9":0.29913909009658884,"reg_4":0.2606490907647763,"reg_3":0.3663304157422715,"reg_5":0.19036573513421967,"reg_7":0.8386570212613427,"reg_6":0.6188417161771832,"reg_1":0.8235074896691137,"reg_8":0.34828382119261136},"m_a":{"reg_2":-2.1890861449098837,"reg_9":-2.6513031451660716,"reg_4":-7.96472191949249,"reg_3":-2.226329070573848,"reg_5":7.724055972967653,"reg_7":-15.757102026498874,"reg_6":11.459652963957197,"reg_1":-10.153827468274553,"reg_8":-0.3052869465034477},"scenario":"ps=1.05, qs=1.05","s_q":{"reg_2":-0.02145551615396487,"reg_9":-0.02546392554173759,"reg_4":-0.02757585034060456,"reg_3":0.06955371789382776,"reg_5":0.031531266797950534,"reg_7":-0.012174610631179193,"reg_6":0.042353208281659456,"reg_1":-0.018019409150230984,"reg_8":-0.0027713269255892486},"s_y":{"reg_2":0.013426401273779039,"reg_9":0.09604866757843442,"reg_4":0.1364017510515265,"reg_3":0.21176494088622827,"reg_5":0.11664879472385974,"reg_7":0.3617316499422665,"reg_6":0.47003126826958735,"reg_1":0.4412228534588597,"reg_8":0.15041207685121186},"m_w":{"reg_2":0.09418831603167248,"reg_9":0.18033540066247664,"reg_4":0.34958471642166017,"reg_3":0.45684788523362607,"reg_5":0.5116604138250179,"reg_7":0.6188263039500166,"reg_6":1.2806614336999569,"reg_1":0.4200430280435162,"reg_8":0.22248582636597938},"d_value":{"reg_2":4.459241106972833,"reg_9":3.080329214464347,"reg_4":3.162532722332937,"reg_3":2.936491548717242,"reg_5":3.0644901891237786,"reg_7":2.6883994845867116,"reg_6":2.960728728460722,"reg_1":2.707569871128081,"reg_8":2.8225001168167503},"s_p":{"reg_2":0.0006782462661153554,"reg_9":-0.005042792874581065,"reg_4":0.13344947550113354,"reg_3":0.2409297046017114,"reg_5":0.16053144874810577,"reg_7":0.4486096057996175,"reg_6":0.9724034972491901,"reg_1":0.19933488872018826,"reg_8":0.032750651747547134},"d_cons":{"reg_2":4.851717317102075,"reg_9":4.4980266489732905,"reg_4":4.769763280244505,"reg_3":5.026896795562368,"reg_5":4.83388285417478,"reg_7":4.97934620762998,"reg_6":5.154418024313337,"reg_1":4.915610716366119,"reg_8":4.788191650415861},"s_a":{"reg_2":-0.09289367973553217,"reg_9":0.05754776332801943,"reg_4":-1.0861519189707902,"reg_3":-0.7471183407187019,"reg_5":0.04699676498629664,"reg_7":-1.032510809819829,"reg_6":0.6855775345311121,"reg_1":-1.2330960307838232,"reg_8":0.005557972276385691},"s_v":{"reg_2":0.022922620390256422,"reg_9":0.11071842642297,"reg_4":0.11864149724960897,"reg_3":0.1402108335461437,"reg_5":0.045292592393160996,"reg_7":0.37367368295763365,"reg_6":0.33683441156158794,"reg_1":0.42492717128472385,"reg_8":0.10113100417680052},"m_u":{"reg_2":0.6155097544180689,"reg_9":1.0578706329433498,"reg_4":0.8536679667164666,"reg_3":0.9252140691819795,"reg_5":0.5262700143076099,"reg_7":1.2585971518208428,"reg_6":0.5712066012613293,"reg_1":1.6503557405343119,"reg_8":0.4081545701393458},"s_u":{"reg_2":-0.10489474354216659,"reg_9":0.21384317862463606,"reg_4":0.22001129366289476,"reg_3":0.029308525101346166,"reg_5":-0.06542414502357251,"reg_7":0.36861917408524647,"reg_6":0.025871835046625033,"reg_1":0.21586486633432028,"reg_8":-0.03224668766833916},"s_h":{"reg_2":0.011740028802201893,"reg_9":0.02739340053847497,"reg_4":0.021914720430770647,"reg_3":-0.024262726191232025,"reg_5":-0.06026548118465427,"reg_7":-0.09470289900445505,"reg_6":-0.24575793625946982,"reg_1":0.07044017281322303,"reg_8":0.03756809216704373},"s_w":{"reg_2":0.026886556640335322,"reg_9":0.05637427534979725,"reg_4":0.18068943250704655,"reg_3":0.294631834459521,"reg_5":0.15726911228471932,"reg_7":0.4582807139414021,"reg_6":0.9409514402943601,"reg_1":0.39254764045007373,"reg_8":0.1029083169543091},"m_q":{"reg_2":-0.02145551615396487,"reg_9":-0.02546392554173759,"reg_4":-0.02757585034060456,"reg_3":0.06955371789382776,"reg_5":0.031531266797950534,"reg_7":-0.012174610631179193,"reg_6":0.042353208281659456,"reg_1":-0.018019409150230984,"reg_8":-0.0027713269255892486}}