{"m_y":{"reg_2":-0.02268713608394187,"reg_9":-0.16329101793235015,"reg_4":-0.2285079419050122,"reg_3":-0.39312491991471177,"reg_5":-0.3184191804653029,"reg_7":-0.5494282356481958,"reg_6":-0.5780432450360625,"reg_1":-0.4706340856719842,"reg_8":-0.34538892794120124},"m_h":{"reg_2":0.016249593760171113,"reg_9":-0.038999025024376015,"reg_4":-0.05199870003250135,"reg_3":0.06824829379265321,"reg_5":0.295742606434837,"reg_7":0.23724406889828262,"reg_6":1.0497237569060873,"reg_1":-0.1169970750731088,"reg_8":-0.3834904127396686},"m_p":{"reg_2":0.005261206916984374,"reg_9":0.15018750138143389,"reg_4":-0.16524966599465934,"reg_3":-0.4781562237241185,"reg_5":-0.4493590957847862,"reg_7":-0.5280907417754297,"reg_6":-1.4037984291869616,"reg_1":-0.12831698301086913,"reg_8":0.042831429361009664},"m_v":{"reg_2":-0.04557847831323164,"reg_9":-0.26567481341811955,"reg_4":-0.19241380361230612,"reg_3":-0.27709529710207303,"reg_5":-0.14867231809330705,"reg_7":-0.7284098332023571,"reg_6":-0.5425699493629254,"reg_1":-0.6741942053608103,"reg_8":-0.305936668933135},"m_a":{"reg_2":-0.7750560717466706,"reg_9":-2.8965304826367086,"reg_4":1.712586228250693,"reg_3":4.8167308146514,"reg_5":-8.486361211470484,"reg_7":5.702244544926096,"reg_6":-29.92104586969641,"reg_1":7.3486153355401305,"reg_8":5.936645390870033},"scenario":"ps=0.95, qs=0.95","s_q":{"reg_2":0.01889813856639689,"reg_9":0.024419467701848677,"reg_4":0.03869785636539044,"reg_3":-0.0563231654759217,"reg_5":-0.03548141193314671,"reg_7":0.028767439577382894,"reg_6":-0.03419427742508164,"reg_1":0.04554044621730346,"reg_8":0.01890290337344045},"s_y":{"reg_2":-0.01326986220253001,"reg_9":-0.07682979186822544,"reg_4":-0.10099698723579306,"reg_3":-0.1708365508043618,"reg_5":-0.10586843970758857,"reg_7":-0.3004823388201112,"reg_6":-0.40456524075352956,"reg_1":-0.37087159634304623,"reg_8":-0.12196952623539863},"m_w":{"reg_2":-0.0024859262531380724,"reg_9":-0.005805624300972346,"reg_4":-0.22495191859222474,"reg_3":-0.3846300049799495,"reg_5":-0.3116936407370824,"reg_7":-0.36881666805027574,"reg_6":-0.6199649441918161,"reg_1":-0.2767103018920895,"reg_8":-0.20224535900758636},"d_value":{"reg_2":-4.748850467618641,"reg_9":-3.923171537670918,"reg_4":-3.4529165557451815,"reg_3":-3.252151711140975,"reg_5":-3.4626307066369812,"reg_7":-3.195262801963369,"reg_6":-3.1326845003985997,"reg_1":-2.7152679966530644,"reg_8":-3.1662473732340994},"s_p":{"reg_2":-0.001944352611503056,"reg_9":0.005684068797004495,"reg_4":-0.11034617053134457,"reg_3":-0.19489080369789274,"reg_5":-0.1314379266201895,"reg_7":-0.3549808776049176,"reg_6":-0.8464366991822663,"reg_1":-0.1467303480210392,"reg_8":0.018184326455219876},"d_cons":{"reg_2":-4.922273623320189,"reg_9":-4.693318495367214,"reg_4":-4.8189401329020205,"reg_3":-4.908013147224169,"reg_5":-4.884050696284124,"reg_7":-4.970381742570875,"reg_6":-4.934121312579833,"reg_1":-5.0153069572467075,"reg_8":-5.182230663640539},"s_a":{"reg_2":0.03865877838543702,"reg_9":-0.1958625298348669,"reg_4":0.3847100992336916,"reg_3":1.0991713530613976,"reg_5":-0.07916169672597793,"reg_7":2.0778630776635363,"reg_6":-2.6492415199593213,"reg_1":0.856204528441335,"reg_8":0.40884070209120393},"s_v":{"reg_2":-0.019638709249702797,"reg_9":-0.11801688165713965,"reg_4":-0.09051857808740922,"reg_3":-0.12859166876910277,"reg_5":-0.04677445167895179,"reg_7":-0.38660585333813535,"reg_6":-0.33483547542008013,"reg_1":-0.39837990436031356,"reg_8":-0.1104866763452624},"m_u":{"reg_2":-0.290656240735085,"reg_9":-0.6210875258375638,"reg_4":0.31568781836411053,"reg_3":-0.3597881151329907,"reg_5":-0.4123488961716377,"reg_7":-0.5720069250159422,"reg_6":-0.6606915602764846,"reg_1":-1.581864565549295,"reg_8":-0.7854610759336245},"s_u":{"reg_2":-0.09245778704007768,"reg_9":-0.13686133289506802,"reg_4":-0.19584907782943356,"reg_3":-0.16110376924477066,"reg_5":-0.08599710676271027,"reg_7":-0.9085294185691435,"reg_6":-0.6834770846340721,"reg_1":-0.4773094465740911,"reg_8":-0.20917696044103717},"s_h":{"reg_2":-0.0031306743472546156,"reg_9":-0.01956671467034427,"reg_4":-0.014870703149468173,"reg_3":-0.03678542358023882,"reg_5":0.0266107319516584,"reg_7":-0.061830818358275745,"reg_6":0.33967816667709666,"reg_1":-0.05713480683739965,"reg_8":-0.1267923110638061},"s_w":{"reg_2":-0.009083192991536542,"reg_9":-0.06089131945446542,"reg_4":-0.17332856682739584,"reg_3":-0.27849920477585377,"reg_5":-0.14792096782177833,"reg_7":-0.42251763124645464,"reg_6":-0.7497495407946903,"reg_1":-0.3025627279405955,"reg_8":-0.09778725728397968},"m_q":{"reg_2":0.01889813856639689,"reg_9":0.024419467701848677,"reg_4":0.03869785636539044,"reg_3":-0.0563231654759217,"reg_5":-0.03548141193314671,"reg_7":0.028767439577382894,"reg_6":-0.03419427742508164,"reg_1":0.04554044621730346,"reg_8":0.01890290337344045}}