{"s_inc":{"reg_2":-0.004980700738101578,"reg_9":-0.00918507489424702,"reg_4":-0.0038234637409584574,"reg_3":0.0011042692792375326,"reg_5":0.00962423226459268,"reg_7":-0.004830733327569072,"reg_6":0.011786434881431142,"reg_1":9.74217998707136e-5,"reg_8":0.0035141083902692203},"m_y":{"reg_2":-0.014888940273084307,"reg_9":-0.03200216656420334,"reg_4":-0.029151253498192253,"reg_3":0.0891865706191232,"reg_5":0.07404389312337663,"reg_7":-0.000419987547946002,"reg_6":0.04639045052489164,"reg_1":-0.02587366413919153,"reg_8":-0.009005585244731962},"m_h":{"reg_2":-0.01624959376015186,"reg_9":0.3054923626909358,"reg_4":0.1429964250893787,"reg_3":0.016249593760171113,"reg_5":0.07799805004875203,"reg_7":0.5167370815729677,"reg_6":0.022749431264224157,"reg_1":0.33474163145921304,"reg_8":-0.2112447188820127},"m_inc":{"reg_2":-0.004980700738101578,"reg_9":-0.00918507489424702,"reg_4":-0.0038234637409584574,"reg_3":0.0011042692792375326,"reg_5":0.00962423226459268,"reg_7":-0.004830733327569072,"reg_6":0.011786434881431142,"reg_1":9.74217998707136e-5,"reg_8":0.0035141083902692203},"m_p":{"reg_2":-0.13173483193604046,"reg_9":-0.34643533246871405,"reg_4":-0.29516580403513404,"reg_3":-0.3391383391433773,"reg_5":-0.1961483916289206,"reg_7":-0.5889984987418247,"reg_6":-0.2979685625623855,"reg_1":-0.5713049798810264,"reg_8":-0.31122482314434163},"m_v":{"reg_2":0.02694786868749912,"reg_9":0.07925632740456333,"reg_4":0.09852959008141013,"reg_3":0.16748624962345332,"reg_5":0.10041110176323609,"reg_7":0.4748480005449736,"reg_6":0.35592327228568604,"reg_1":0.3217919134281359,"reg_8":0.12998994903426958},"m_a":{"reg_2":0.09348861256092625,"reg_9":1.247095059190082,"reg_4":-4.4085385178992755,"reg_3":-2.7146791512317603,"reg_5":-4.9567587436692016,"reg_7":-9.410240107692164,"reg_6":-13.385706291927107,"reg_1":-1.4837021786896991,"reg_8":10.447412016967155},"scenario":"ps0.95ys1.0","s_y":{"reg_2":-0.00540281808248822,"reg_9":-0.0072602089121080494,"reg_4":-0.010593918470850821,"reg_3":0.016136357118801146,"reg_5":0.013527547598824458,"reg_7":-0.0013775649265918835,"reg_6":0.010830547538599983,"reg_1":-0.002630041615266013,"reg_8":0.00034161385725623507},"m_w":{"reg_2":-0.17472879229863605,"reg_9":-0.2680031571241943,"reg_4":-0.2852051872870439,"reg_3":-0.37546852062542213,"reg_5":-0.11523527933903527,"reg_7":-0.4940848340882855,"reg_6":-0.28152094242079956,"reg_1":-0.5521298758751696,"reg_8":-0.3159534487911743},"d_value":{"reg_2":0.019978056547288823,"reg_9":0.0047873777801944965,"reg_4":0.013833638539335127,"reg_3":0.013968112134547565,"reg_5":0.015683629531295634,"reg_7":0.013669119296346783,"reg_6":0.01936646522531707,"reg_1":0.010371260722667697,"reg_8":0.00906913604285277},"s_p":{"reg_2":-0.04595727404521496,"reg_9":-0.12564471202712654,"reg_4":-0.14413204219480122,"reg_3":-0.1936534490846799,"reg_5":-0.07681708541535352,"reg_7":-0.39670797442654204,"reg_6":-0.45806231868143604,"reg_1":-0.364828551322618,"reg_8":-0.10042227476632684},"d_cons":{"reg_2":0.0048424255631443775,"reg_9":0.008432152214299857,"reg_4":0.005354994715575039,"reg_3":0.008801798178248076,"reg_5":0.0033511166950752095,"reg_7":0.0066848323636418015,"reg_6":0.007249636267899594,"reg_1":0.006068328132787355,"reg_8":0.003543492249216852},"s_a":{"reg_2":0.0570973946696448,"reg_9":-0.25630596647217413,"reg_4":-1.2749980907769032,"reg_3":-0.7230922238125249,"reg_5":-0.5733585888728312,"reg_7":-0.7700469442782407,"reg_6":-3.2172131816892318,"reg_1":-0.7406792128424826,"reg_8":0.14483616193509977},"s_v":{"reg_2":0.012368865061406883,"reg_9":0.024590745111868657,"reg_4":0.04054284825727146,"reg_3":0.05734166581651477,"reg_5":0.027971110771591694,"reg_7":0.13935447819481445,"reg_6":0.1492016910988164,"reg_1":0.0937456423665097,"reg_8":0.03151850831862702},"m_u":{"reg_2":0.12446840668760728,"reg_9":0.5049058131289871,"reg_4":0.06360355815149824,"reg_3":0.1978092840456646,"reg_5":0.033573025647509414,"reg_7":0.7397160469214635,"reg_6":0.0865217075546924,"reg_1":0.6707892400043486,"reg_8":0.23421776843659708},"s_u":{"reg_2":-0.05381460961093775,"reg_9":-0.034994876915132915,"reg_4":0.043618245447564485,"reg_3":0.11965795174877436,"reg_5":-0.02863221834819333,"reg_7":-0.027157415387184247,"reg_6":0.004360299371880575,"reg_1":-0.03944490401989852,"reg_8":-0.12920351237778585},"s_h":{"reg_2":0.006261348694509231,"reg_9":0.07983219585498688,"reg_4":0.07983219585498688,"reg_3":0.06496149270551871,"reg_5":0.0532214639033168,"reg_7":0.11740028802203059,"reg_6":0.15731638594952405,"reg_1":0.11583495084840911,"reg_8":0.010957360215385323},"s_w":{"reg_2":-0.054789452281742854,"reg_9":-0.13316206667859004,"reg_4":-0.20888610191215584,"reg_3":-0.2500202740274469,"reg_5":-0.08146150313628352,"reg_7":-0.4342232379029229,"reg_6":-0.5243738896177306,"reg_1":-0.5138372059769927,"reg_8":-0.1207516835640764}}